Продавец;Район;Адрес;Площадь, м2;Этаж;Всего этажей;Цена, ₽;Цена за квадрат, ₽/м²
Обмен.рф - Брусника Обмен;Кировский;улица Ватутина 24/1;66;7;10;6500000;97305
Обмен.рф - Брусника Обмен;Кировский;улица Крупской 12;71;1;10;7700000;108298
КВАРТИРНОЕ РЕШЕНИЕ;Советский;улица Лаптева 3;61;1;9;5890000;96557
ID 70295415;Октябрьский;улица Свободы 45;62;9;9;4495000;72383
ID 79765445;Ленинский;проспект Карла Маркса 40;76;3;10;12311392;161992
ID 78195402;Кировский;проспект Комарова 14;64;7;10;8500000;132813
Dominica Online;Кировский;улица 3-я Енисейская 28;67;14;16;6949977;103731
Обмен.рф - Брусника Обмен;Центральный;улица Завертяева 18к1;73;10;10;6500000;88315
Империя;Центральный;Сенная улица 30;120;6;24;17652360;147103
МИАРД ВЛАДИС;Центральный;улица 20-я Линия 55а;63;1;5;6130000;96840
АВЕСТА-РИЭЛТ;Центральный;Волочаевская улица 17В;49;1;5;4350000;88595
Ледон;Кировский;улица Перелета 2;64;5;9;5150000;80469
Квартсервис;Кировский;проспект Комарова 15к3;95;9;10;11000000;115789
МИАРД ВЛАДИС;Советский;мкр. Заозерный улица Бархатовой;62;4;5;5000000;79872
ПОЛЕЗНЫЕ ЛЮДИ;Советский;улица 50 лет Профсоюзов 95;59;3;5;4400000;74576
Альянс Сити;Центральный;улица 21-я Амурская 28;63;1;5;4600000;73016
Бюро недвижимости Зуевой Я.Н.;Центральный;улица Орджоникидзе 268к1;72;4;16;7845552;108966
Альянс Сити;Ленинский;улица 25 лет Октября 11;96;2;11;10500000;109375
Этажи Омск;Кировский;улица Можайского 1;61;5;5;4600000;74554
АССОЛЬ;Кировский;улица Лукашевича 15А;63;5;5;6200000;97179
ТандемТ;Кировский;улица 70 лет Октября 15;116;6;10;13500000;116379
Держава;Советский;улица 22 Апреля 50;58;5;5;6200000;106897
Альянс Сити;Советский;мкр. Город Нефтяников Городок Нефтяников мкр;56;5;5;4000000;71429
ТандемТ;Кировский;Волгоградская улица 24;63;5;9;5250000;83333
Квартсервис;Центральный;улица 8-я Амурская 64;70;1;5;5800000;82857
ЛИОРА;Кировский;улица Лукашевича 19;59;1;5;4990000;84576
Квартсервис;Кировский;улица Рокоссовского 30;62;7;9;6290000;100159
Этажи Омск;Советский;улица Красный Путь 135к1;117;1;17;17999982;153846
Ключники;Ленинский;улица 1-й Красной Звезды 81;77;8;10;6338717;82321
ID 70295187;Октябрьский;улица Николая Худенко 5;66;1;9;6599000;99985
Квартсервис;Центральный;улица Завертяева 18к1;65;6;10;6700000;101979
ТандемТ;Центральный;улица Багратиона 33;55;8;17;6870050;124910
ID 70293340;Центральный;улица Богдана Хмельницкого 38;74;6;16;7000000;93960
ID 70295652;Октябрьский;улица Масленникова 45;70;4;10;7700000;109531
Квадраты;Советский;Пригородная улица 23к3;80;7;9;8350000;104245
Альфа риелт;Октябрьский;улица Шебалдина 199/1;83;2;8;10900000;131325
Ас-риэлт;Октябрьский;улица Орловского 3;103;5;5;12299000;119408
СОТА;Центральный;Волочаевская улица 15к2;128;7;11;19200000;150000
ИПОТЕКА-ЦЕНТР;Советский;проспект Мира 41;39;5;5;3650000;92405
Недвижимость Гарант;Центральный;улица 24-я Северная 165;47;4;5;3990000;84894
ID 70293401;Советский;улица 2-я Поселковая 53Б;54;1;5;4650000;86111
Этажи Омск;Ленинский;улица 1-я Станционная 9;71;5;5;5150000;72331
Премиум класс;Октябрьский;улица Кирова 12;67;5;12;5200000;77266
Недвижимость Гарант;Кировский;Волгоградская улица 4;63;8;9;5260000;83492
Этажи Омск;Кировский;улица Нефтебаза 3;71;5;5;5290000;73986
НСБ-Недвижимость;Центральный;улица Гусарова 123;74;2;5;5550000;74198
ТандемТ;Кировский;улица Дианова 3;63;1;9;5500000;86207
ID 70292251;Центральный;улица 4-я Челюскинцев 95;60;4;5;5650000;94167
Сибирский Ипотечный Центр;Ленинский;улица Котовского 16;62;2;5;5700000;90764
Этажи Омск;Советский;улица Энтузиастов 33В;61;5;9;5900000;96721
Самолет Плюс Омск-Центр;Кировский;улица Перелета 25;113;9;9;14500000;127305
Самолет Плюс Омск-Центр;Советский;улица Химиков 36;70;7;10;8150000;115439
ID 91435023;Центральный;улица Звездова 62/4;85;9;13;12590000;148118
ID 70292170;Советский;улица Сергея Тюленина 7/1;70;5;5;6555000;93643
ID 108169974;Ленинский;улица Труда 10;55;6;9;6160000;112000
ID 106891326;Советский;улица Малиновского 14к1;63;5;11;6100000;96215
ID 70293452;Кировский;Звездная улица 12;71;4;9;8998966;126746
РБН - Омск;Центральный;Сенная улица 30;119;3;23;19500054;163866
СмартРиэлт;Октябрьский;проспект Космический 97Ак1;79;1;9;4300000;53952
Этажи Омск;Советский;Заозерная улица 1;56;1;9;3850000;68505
ДОМЕТРИКА;Кировский;улица Лукашевича 8Б;58;4;5;4300000;73379
Сибирский Ипотечный Центр;Кировский;улица Дианова 9;62;4;10;5200000;82671
Этажи Омск;Октябрьский;улица Масленникова 167;65;2;3;5500000;84615
ДОМЕТРИКА;Кировский;улица Ватутина 3А;49;1;5;4620000;93902
Этажи Омск;Ленинский;улица Жуковского 31/3;63;5;9;4600000;72327
Этажи Омск;Центральный;улица Нахимова 9;75;1;10;6190000;82533
Этажи Омск;Центральный;улица Булгакова 2;126;3;3;18250000;144841
Этажи Омск;Центральный;Омская улица 127к1;110;12;14;11800000;107273
Этажи Омск;Ленинский;улица Демьяна Бедного 93;70;12;12;5200000;74286
Квартсервис;Центральный;Волочаевская улица 11/1;198;9;13;32000000;161616
Этажи Омск;Центральный;улица 27-я Северная 44/1;99;5;9;10650000;107576
Этажи Омск;Центральный;Октябрьская улица 122;65;3;5;6900000;105828
Этажи Омск;Центральный;проспект Карла Маркса 29;64;4;6;6200000;96875
Этажи Омск;Центральный;улица Фрунзе 1к3;106;5;10;16300000;153629
Квартсервис;Октябрьский;улица Куйбышева 113к1;83;2;16;10340140;124580
МЕТА;Центральный;улица Куйбышева 62;93;5;7;11190000;119169
Этажи Омск;Центральный;улица Маршала Жукова 107;118;2;14;22000000;185811
Сибирский Ипотечный Центр;Кировский;улица Дианова 30;64;10;10;4950000;77103
Ледон;Октябрьский;улица 50 лет ВЛКСМ 2Б;47;2;5;4000000;85106
ЛИОРА;Центральный;улица Багратиона 27А;58;5;5;4000000;68259
Омская недвижимость;Советский;проспект Менделеева 24;62;4;5;5250000;84677
ЛИОРА;Центральный;Краснознаменная улица 23/1;68;2;5;4900000;71637
Людмила Дашкова;Кировский;улица 4-я Любинская 42Б;60;4;5;4400000;73333
Этажи Омск;Ленинский;проспект Карла Маркса 72;103;9;13;10700000;103883
ЛИОРА;Советский;улица Тимофея Белозерова 8;69;5;5;6300000;91304
Ваш Адрес;Кировский;улица 70 лет Октября 18/1;65;5;9;5650000;86923
Лариса Игнатович;Советский;Комсомольский проспект 8;63;4;5;3400000;53628
Ваш Адрес;Советский;улица Химиков 48;58;5;5;3985000;68589
Недвижимость Гарант;Ленинский;улица Всеволода Иванова 10;42;4;5;4200000;99526
ID 107561768;Центральный;улица Звездова 129/1;89;6;10;9650000;108427
ID 102545764;Кировский;Торговая улица 20;73;4;6;9200000;126027
ID 88986723;Центральный;Омская улица 127к1;110;12;14;11800000;107273
ID 106635240;Кировский;улица 3-я Любинская 22;65;10;11;6099000;93831
ID 17093980;Центральный;улица Багратиона 27А;58;5;5;4000000;68259
Лин-Сервис;Октябрьский;улица Свободы 45;62;9;9;4494000;72484
ID 106777650;Октябрьский;улица Романенко 7А;60;4;5;5200000;86667
Наталья Маламыжева;Центральный;Омская улица 110;62;7;9;6200000;99200
Этажи Омск;Центральный;Тарская улица 151А;74;1;2;3650000;49324
Риэлт-Лайн;Октябрьский;улица Романенко 4;55;4;5;4490000;81193
Этажи Омск;Центральный;улица Челюскинцев 83В;58;3;5;4800000;82616
Этажи Омск;Кировский;улица Комкова 1Б;59;4;5;5000000;84746
Этажи Омск;Советский;улица Химиков 32/1;63;2;10;6950000;110143
Этажи Омск;Центральный;проезд 1-й Амурский 5;69;4;10;6919803;100287
ЛИОРА;Центральный;улица 10 лет Октября 105;63;9;9;7500000;119048
Этажи Омск;Октябрьский;улица 3-я Молодежная 57А;77;8;9;8990000;115851
Этажи Омск;Кировский;улица Перелета 7к3;111;4;9;13900000;125225
Этажи Омск;Центральный;Кемеровская улица 26;83;4;11;15990000;192651
Этажи Омск;Кировский;проспект Комарова 15к1;130;16;16;19770000;151262
Самолет Плюс Омск-Центр;Октябрьский;проспект Космический 75;45;4;5;3800000;83516
Самолет Плюс Омск;Октябрьский;улица 16-й Военный городок 381;55;2;5;5350000;95707
Проект;Октябрьский;улица 75-й Гвардейской Бригады 22;60;6;9;4700000;78333
Домофон;Центральный;улица 24-я Северная 212А;49;3;5;3650000;74187
РИЭЛТКОНСАЛТ;Ленинский;Крыловская улица 48;68;4;5;4300000;62591
Сибирский регион;Октябрьский;улица Богдана Хмельницкого 160;106;4;5;9200000;86466
АТТАШЕ;Кировский;бульвар Архитекторов 8;87;4;8;10500000;120690
ПроДвижение;Октябрьский;улица 11-я Линия 181;72;2;4;5500000;76389
КЛЮЧ;Советский;проспект Мира 102;61;2;9;5195000;84886
Бюро недвижимости Зуевой Я.Н.;Октябрьский;улица Полтавцева 2/2;105;2;2;5050000;47732
АССОЛЬ;Октябрьский;улица 8-я Линия 219;84;5;5;6820000;80710
НСБ-Недвижимость;Ленинский;улица Труда 21;51;2;5;4000000;78125
ДОМЕТРИКА;Центральный;улица Шукшина 9;137;4;6;19187946;140058
Диана Жигарова;Кировский;улица 70 лет Октября 22/2;62;9;9;6600000;105600
Самолет Плюс Омск-Центр;Центральный;улица Нахимова 57;48;5;5;3550000;72895
Копейка;Кировский;улица 2-я Любинская 2А;58;4;5;4400000;74703
Этажи Омск;Ленинский;улица 4-я Марьяновская 6;86;2;10;6477434;75319
Ледон;Центральный;улица 2-я Барнаульская 11А;63;3;5;4070000;63994
ДОМЕТРИКА;Центральный;улица 24-я Северная 200;58;3;5;4500000;77320
Сибирский регион;Кировский;улица Дмитриева 1/7;62;5;10;6200000;98726
Сибирский регион;Кировский;улица 4-я Любинская 34/1;82;9;10;6000022;73171
ТандемТ;Центральный;улица Багратиона 82А;48;5;5;3650000;74795
Этажи Омск;Ленинский;улица 10-я Чередовая 15;57;3;5;4850000;84055
МЕТА;Центральный;улица 24-я Северная 194/2;115;9;9;9190000;79913
Жилфонд Омск;Ленинский;улица Серова 4А;42;4;5;3900000;90909
Элит-Сити;Ленинский;Новокирпичная улица 1/1;68;1;5;4700000;68915
КВАДРАТ;Центральный;мкр. Козицкого 3;74;2;4;5000000;67024
Бюро недвижимости Зуевой Я.Н.;Кировский;Мельничная улица 70;70;1;10;5830000;83286
ВЕТЕР ПЕРЕМЕН;Октябрьский;улица Романенко 16А;69;5;5;4800000;68867
Этажи Омск;Советский;улица 20-го Партсъезда 52;58;5;5;3900000;66895
АССОЛЬ;Ленинский;улица 22-я Марьяновская 8;63;9;10;5999000;95222
Этажи Омск;Ленинский;Входной мкр 29;58;1;5;4000000;68966
Этажи Омск;Центральный;Краснознаменная улица 20;66;4;6;4570000;68311
РИЭЛТКОНСАЛТ;Ленинский;Молодогвардейская улица 27;53;1;5;2900000;54614
СмартРиэлт;Центральный;улица 21-я Амурская 24Б;62;3;5;4600000;73248
Квартсервис;Советский;улица 50 лет Профсоюзов 130;63;4;5;3550000;56349
Омская недвижимость;Ленинский;улица 22-я Марьяновская 8;63;5;10;4590000;72857
ИПОТЕКА-ЦЕНТР;Центральный;проезд 2-й Амурский 4;70;9;10;6689410;95563
Этажи Омск;Октябрьский;Крутогорская улица 14;57;5;5;2700000;46957
Этажи Омск;Ленинский;улица Батумская 1/1;62;1;5;4400000;70513
Самолет Плюс Омск;Кировский;Волгоградская улица 30;63;9;9;5290000;83968
ИПОТЕКА-ЦЕНТР;Кировский;Звездная улица 8;89;3;9;9500000;106264
Радонеж;Кировский;проспект Комарова 15к3;86;9;10;10700000;124419
Этажи Омск;Центральный;улица 21-я Амурская 20;59;5;5;4200000;71066
Этажи Омск;Кировский;Волгоградская улица 30Б;58;2;5;4950000;84471
Андрей Владимирович Калайдин;Октябрьский;улица 20 лет РККА 210;70;4;12;5990000;85571
Самолет Плюс Омск;Кировский;улица Рокоссовского 4;70;3;12;6080000;86857
Юлия Розенберг;Ленинский;улица Рождественского 9/2;78;3;9;10000000;128205
АССОЛЬ;Октябрьский;Братская улица 19;120;5;6;15900000;132500
ДОМСК;Октябрьский;проспект Космический 5;53;4;5;3900000;72761
АВЕСТА-РИЭЛТ;Октябрьский;улица 75-й Гвардейской Бригады 7;59;1;5;4335000;73475
Первое;Ленинский;Моторная улица 10;62;5;5;3990000;63636
Первое;Советский;Пригородная улица 23к1;88;4;11;9000000;101237
Мой мир;Центральный;улица Декабристов 116;103;15;15;13700000;132495
Мой мир;Октябрьский;улица Юбилейная 3;58;1;5;3800000;64516
МЕТА;Центральный;Омская улица 160;62;4;9;5300000;84800
Первое;Октябрьский;Братская улица 19;89;4;6;9500000;106502
Сергей Драгун;Центральный;набережная Иртышская 13;55;1;9;5800000;103757
Радонеж;Ленинский;улица Федора Крылова 3;54;6;9;6100000;111927
Этажи Омск;Октябрьский;улица 1-я Военная 7к1;96;8;10;8500000;88174
НСБ-Недвижимость;Ленинский;улица Всеволода Иванова 17;56;2;5;4550000;81250
АССОЛЬ;Центральный;Ленинградская площадь 2;68;2;5;4850000;70803
Самолет Плюс Омск-Центр;Центральный;улица 2-я Челюскинцев 15А;30;2;2;1600000;52805
Самолет Плюс Омск-Центр;Центральный;улица 27-я Северная 1А;43;4;5;3400000;78341
Квартсервис;Центральный;улица 5-й Армии 135;41;4;5;3500000;85158
Квартсервис;Советский;проспект Мира 10А;41;5;5;4120000;100488
Оптимист;Центральный;улица 5-я Северная 195;60;8;9;4699000;77669
ТандемТ;Кировский;улица Лукашевича 27;62;6;9;5100000;81600
Сибирский Ипотечный Центр;Центральный;улица Куйбышева 27/4;63;9;9;6150000;96395
Риэлт-Лайн;Центральный;улица Декабристов 116;77;12;16;9625000;125000
ПроДвижение;Кировский;улица Рокоссовского 16;62;1;9;5750000;92147
Самолет Плюс Омск-Центр;Ленинский;Молодогвардейская улица 37;56;2;4;3000000;53381
АВЕСТА-РИЭЛТ;Центральный;улица 2-я Барнаульская 11Г;63;2;5;3515000;55529
Самолет Плюс Омск-Центр;Советский;Городок Нефтяников мкр улица Энергетиков;59;2;5;4280000;71572
Этажи Омск;Советский;улица Энтузиастов 67Б;42;2;5;3000000;71429
Элит-Сити;Советский;проспект Культуры 3;74;4;5;5500000;74024
Держава;Ленинский;улица Демьяна Бедного 93;70;8;12;5170000;73857
Этажи Омск;Октябрьский;улица 3-я Молодежная 71;64;4;9;4485000;70078
Риэлт-Лайн;Октябрьский;Харьковская улица 25к2;64;1;10;4690000;72601
Элит-Сити;Советский;проспект Мира 38Б;55;5;5;4590000;83002
Бюро недвижимости Зуевой Я.Н.;Советский;Заозерная улица 2;64;3;5;5000000;78125
Держава;Ленинский;Крыловская улица 46;75;3;10;5900000;77939
Твой город возможностей;Советский;Заозерная улица 22/1;61;5;9;5900000;96721
ЛИОРА;Ленинский;улица Николая Зенькова 2;51;4;5;5000000;98039
АССОЛЬ;Центральный;улица Декабристов 114/1;93;2;15;14025000;150806
АССОЛЬ;Ленинский;Сибирский проспект 12;62;9;9;5850000;93153
Этажи Омск;Кировский;улица Лукашевича 23А;62;8;9;5900000;94855
ДОМСК;Кировский;улица Дианова 30;64;8;10;6600000;103125
БАСТИОН-РИЭЛТ;Октябрьский;проспект Космический 5;53;4;5;4200000;78505
Мой мир;Ленинский;улица Всеволода Иванова 6;55;5;5;5000000;90090
СмартРиэлт;Кировский;улица Степанца 6В;62;2;10;6500000;104000
Риэлт Сибирь;Центральный;улица Челюскинцев 102к2;66;2;10;5900000;89394
Мой мир;Центральный;Осоавиахимовская улица 189;59;4;5;4500000;75503
АТТАШЕ;Кировский;улица Лукашевича 7;60;1;9;5290000;88167
Копейка;Центральный;улица Звездова 129/1;76;1;10;8399000;110223
МЕТА;Кировский;улица Лисицкого 5;49;4;5;3350000;67677
Держава;Ленинский;улица Радищева 88;59;4;5;4690000;79357
Жилфонд Омск;Кировский;улица Ватутина 28/1;67;1;10;5700000;84195
Ледон;Центральный;Дальняя улица 42/1;62;2;3;4150000;66188
Самолет Плюс Омск;Центральный;улица Шукшина 7;155;1;6;13899935;89677
НСБ-Недвижимость;Кировский;улица Бетховена 30;61;5;5;3800000;62092
НСБ-Недвижимость;Центральный;улица Челюскинцев 83В;58;3;5;4800000;82616
АТТАШЕ;Кировский;улица 2-я Любинская 11А;62;2;10;5500000;87719
АССОЛЬ;Центральный;Краснознаменная улица 8;69;5;5;5775000;82618
ОМСК РИЭЛТ;Советский;Заозерная улица 3А;59;4;5;3820000;64094
Этажи Омск;Центральный;улица Тютчева 6;108;2;6;14114628;130691
Анна Безбокова;Советский;мкр. Город Нефтяников Городок Нефтяников мкр;97;6;9;8980000;92577
Светлана Шумилова;Советский;улица 50 лет Профсоюзов 126;60;3;5;4500000;75000
Этажи Омск;Советский;Кемеровская улица 11;153;3;9;14299000;93336
Добрый Дом;Советский;улица Андрианова 22;55;5;5;3560000;64029
Этажи Омск;Кировский;улица Степанца 14;63;3;9;5600000;87912
ID 70293296;Центральный;улица Багратиона 9;58;2;5;3870000;66154
Твой город возможностей;Центральный;Волочаевская улица 17;57;9;9;6300000;110526
Держава;Центральный;улица Сазонова 33;118;2;14;19200000;162712
Элит-Сити;Советский;улица Малунцева 1;84;4;4;8410000;100000
ID 18944581;Ленинский;улица Вокзальная 49;41;2;5;3400000;82324
Радонеж;Октябрьский;проспект Космический 14Бк6;69;10;10;7887114;114306
«АКАДЕМИЯ ЖИЛЬЯ-55»;Октябрьский;улица 75-й Гвардейской Бригады 10Б;48;5;5;3900000;79918
Союз Гарант;Центральный;улица 1-я Челюскинцев 96;73;5;11;7100000;96076
Виталий Петрович Келлер;Советский;улица Глинки 1;52;3;9;5240000;100000
Альянс Сити;Кировский;проспект Комарова 9;126;6;10;13500000;107143
АВЕСТА-РИЭЛТ;Советский;проспект Менделеева 25В;49;1;5;3500000;70281
Азбука Недвижимости;Советский;Заозерная улица 3;56;6;9;3900000;69643
Твой город возможностей;Центральный;улица Вавилова 31;65;3;5;6700000;103077
Самолет Плюс Омск-Центр;Ленинский;улица Серова 6;51;1;2;3320000;64844
НСБ-Недвижимость;Советский;улица 50 лет Октября 98;60;6;9;3750000;61983
ЛИОРА;Центральный;проезд 2-й Амурский 4;80;8;10;9100000;113750
МЕТА;Центральный;Омская улица 117/2;95;10;10;8550000;89529
АССОЛЬ;Советский;переулок 1-й Башенный 4;62;2;10;5500000;87719
Наталья Антонова;Кировский;бульвар Архитекторов 3/8;64;2;9;6400000;98765
АССОЛЬ;Центральный;улица 5-я Северная 195;63;8;9;4600000;72670
Этажи Омск;Центральный;улица Красных Зорь 148;99;8;10;9999000;100190
Этажи Омск;Ленинский;улица Архиепископа Сильвестра 1;70;4;9;5799990;82857
Радонеж;Советский;проспект Мира 88А;62;5;5;5400000;86957
ЛИОРА;Центральный;улица Герцена 65/1;127;6;6;14000000;110236
РИЭЛТКОНСАЛТ;Кировский;улица Комбикормовый завод 3;61;1;2;3708000;60787
Этажи Омск;Ленинский;Ангарская улица 13;78;2;2;6100000;77411
Этажи Омск;Кировский;Мельничная улица 87/4;82;8;9;7800000;94317
СмартРиэлт;Центральный;Сибмисовская улица 12;62;5;5;3870000;62419
ЛИОРА;Центральный;Барнаульская улица 97;74;9;10;7100000;95302
Ледон;Ленинский;улица Молодогвардейская 10;55;2;5;4200000;76364
Этажи Омск;Кировский;бульвар Зеленый 6;63;9;9;6090000;96667
Этажи Омск;Кировский;улица Авиагородок 5;70;4;4;4500000;63830
ТандемТ;Центральный;улица 10 лет Октября 147;83;9;10;9200000;110577
Жилфонд Омск;Кировский;Старый Кировск мкр 39;40;1;2;2000000;49875
Домофон;Октябрьский;улица 5-я Кордная 51;59;5;5;3400000;57627
АССОЛЬ;Октябрьский;улица 5-я Кордная 65;52;5;5;3690000;70962
Проект;Центральный;улица 21-я Амурская 3;54;4;5;4200000;76642
НСБ-Недвижимость;Октябрьский;проспект Космический 20к7;62;3;9;8600000;138264
Сибирский регион;Кировский;бульвар Архитекторов 7/1;62;9;9;6200000;98726
Этажи Омск;Центральный;улица Арнольда Нейбута 7;110;5;10;11500000;104167
ЛИОРА;Центральный;улица 27-я Северная 123Б;58;2;5;4280000;72789
ЛИОРА;Центральный;улица 27-я Северная 84А;57;2;5;5050000;87370
Этажи Омск;Центральный;улица 5-я Северная 193/1;63;5;9;5400000;84507
Самолет Плюс Омск-Центр;Советский;проспект Мира 169Б;60;3;5;4200000;70000
АССОЛЬ;Центральный;улица Богдана Хмельницкого 40;63;9;12;6060000;96190
Проект;Советский;Заозерная улица 11;60;2;9;4620000;75987
АТТАШЕ;Кировский;Мельничная улица 91;70;4;9;6000000;85714
Ледон;Ленинский;Моторная улица 13;49;2;5;4100000;83673
АССОЛЬ;Ленинский;улица 1-я Станционная 1;70;5;5;5000000;71327
АВЕСТА-РИЭЛТ;Кировский;Днепровская улица 42А;57;1;2;2400000;41958
Самолет Плюс Омск-Центр;Кировский;улица 1-я Автомобильная 2;60;2;2;3300000;54545
Этажи Омск;Кировский;улица 4-я Любинская 38;60;5;5;4000000;66667
АВЕСТА-РИЭЛТ;Кировский;улица Авиагородок 5;71;2;4;3799000;53133
Самолет Плюс Омск;Кировский;Волгоградская улица 24Б;49;4;5;4600000;93686
СоДействие;Ленинский;Моторная улица 13;58;2;5;5297000;91170
Этажи Омск;Центральный;улица Багратиона 82А;48;5;5;3700000;76132
ЛИОРА;Кировский;улица Суровцева 53;63;5;5;4990000;79206
Домофон;Центральный;Успешная улица 4;61;2;3;5000000;80906
ВЕТЕР ПЕРЕМЕН;Октябрьский;Харьковская улица 19к2;70;1;9;5500000;78571
Этажи Омск;Центральный;улица Багратиона 17;63;1;5;5500000;87163
ИПОТЕКА-ЦЕНТР;Кировский;улица Ватутина 24/1;68;10;11;7350000;106831
ЛИОРА;Центральный;улица 24-я Северная 204к1;89;10;10;9750000;109060
МИАРД ВЛАДИС;Советский;проспект Мира 167/3;55;1;5;3490000;63455
ДОМЕТРИКА;Советский;улица Бархатовой 3;49;1;9;3999000;81446
ДОМЕТРИКА;Ленинский;улица 1-я Станционная 1;69;3;5;4380000;62751
ID 2737630;Ленинский;улица 3-я Станционная 86;58;3;5;3700000;63793
Этажи Омск;Центральный;набережная Иртышская 15;59;3;5;5399000;91508
ДОМСК;Советский;улица Строителей 2;73;3;3;4100000;56164
Аркада-Стиль;Ленинский;улица Артема Избышева 15/1;60;4;5;4500000;75000
Аркада-Стиль;Ленинский;улица Лобкова 22;61;3;3;3300000;54098
ID 70292121;Кировский;Мельничная улица 9;53;5;5;4100000;77358
АССОЛЬ;Кировский;улица Степанца 8А;63;5;9;6400000;101426
ID 70292048;Ленинский;улица Территория ТПК 13;60;5;5;4320000;72000
Этажи Омск;Кировский;улица Крупской 13/1;56;13;19;8191512;146277
«АКАДЕМИЯ ЖИЛЬЯ-55»;Советский;улица Энтузиастов 67Б;42;2;5;3030000;72143
Этажи Омск;Кировский;улица Степанца 10;62;7;9;5750000;92295
Лин-Сервис;Октябрьский;улица 50 лет ВЛКСМ 2В;47;2;5;3800000;80851
ID 80859983;Центральный;улица 27-я Северная 121;44;3;5;3300000;75000
Мой мир;Кировский;бульвар Зеленый 10/1;63;9;9;6000000;94937
Этажи Омск;Ленинский;улица Рождественского 9/2;86;2;9;14500000;168605
Лин-Сервис;Октябрьский;улица Романенко 1;45;2;5;3360000;74667
Жилфонд Омск;Кировский;улица Конева 20/1;70;12;12;6950000;99144
Этажи Омск;Ленинский;Входной мкр 5;54;1;4;4150000;76852
Этажи Омск;Кировский;улица 70 лет Октября 20;62;5;12;7550000;120800
ПроДвижение;Кировский;улица Конева 12;69;4;10;7500000;108696
Этажи Омск;Советский;улица Сибниисхоз 1;88;3;4;8000000;90909
Классика;Кировский;улица Лукашевича 12А;69;10;17;8490000;123043
ИПОТЕКА-ЦЕНТР;Октябрьский;улица Масленникова 203/1;97;6;16;12799000;131407
Самолет Плюс Омск-Центр;Советский;улица 50 лет Профсоюзов 75Б;56;1;2;3500000;61620
Самолет Плюс Омск-Центр;Советский;Нефтезаводская улица 27;44;5;5;3590000;79955
МИАРД ВЛАДИС;Центральный;улица 27-я Северная 3;51;4;5;3800000;74510
Доверие;Советский;улица Бородина 37;48;1;5;3890000;79713
РИЭЛТКОНСАЛТ;Советский;улица 50 лет Профсоюзов 132;49;5;5;3900000;79430
АВЕРС-РИЭЛТ;Центральный;улица 33-я Северная 27;63;1;9;4300000;68254
ПОЛЕЗНЫЕ ЛЮДИ;Ленинский;улица Василия Маргелова 239;59;5;5;3560000;60339
Этажи Омск;Кировский;улица 12 Декабря 112;60;2;9;5800000;96346
СоДействие;Советский;Нефтезаводская улица 32А;53;5;5;3800000;70501
Риэлт Сибирь;Октябрьский;улица Масленникова 41;84;7;11;10000000;119048
ЛИОРА;Советский;улица 50 лет Профсоюзов 95;57;3;5;4400000;75993
АТТАШЕ;Центральный;Съездовская улица 50;64;4;9;5650000;88281
Наталья Тотмянина;Центральный;Спартаковская улица 3;82;1;4;9600000;116646
Этажи Омск;Центральный;улица Багратиона 29В;48;5;5;3350000;69215
АВЕСТА-РИЭЛТ;Советский;улица Энергетиков 3;78;2;2;4050000;51527
АССОЛЬ;Центральный;Съездовская улица 29/2;121;6;10;23500000;194055
АВЕСТА-РИЭЛТ;Советский;Иртышская улица 13;62;2;2;3150000;50319
ПОЛЕЗНЫЕ ЛЮДИ;Кировский;улица Перелета 2;59;3;9;6500000;108514
ЛИОРА;Советский;улица 50 лет Профсоюзов 4;60;7;9;4950000;82500
Этажи Омск;Центральный;улица Маршала Жукова 107;76;7;14;11450000;149478
Нелли Гуложенкова;Центральный;улица Багратиона 21Б;64;1;5;3820000;59409
Этажи Омск;Центральный;улица Маршала Жукова 107;107;2;14;14100000;131163
ЛИОРА;Центральный;улица 26-я Северная 19/1;56;5;5;4390000;78393
РИЭЛТКОНСАЛТ;Кировский;Мельничная улица 89к1;89;1;5;3930000;43715
Этажи Омск;Ленинский;улица Стальского 9;60;1;9;5500000;91667
ЛИОРА;Советский;проспект Мира 98А;48;3;5;3430000;70431
Жилфонд Омск;Кировский;улица Лукашевича 15В;59;1;5;4500000;75758
Твой город возможностей;Центральный;улица Орджоникидзе 162;106;8;9;11400000;107345
МИАРД ВЛАДИС;Октябрьский;улица 27-я Линия 43;53;2;3;3649000;68206
Этажи Омск;Октябрьский;улица Кирова 5;63;1;9;5400000;85714
МЕТА;Кировский;Мельничная улица 70;72;1;10;6999000;96939
ПОЛЕЗНЫЕ ЛЮДИ;Советский;улица Энтузиастов 5;56;3;5;4300000;76786
ДОМЕТРИКА;Кировский;бульвар Архитекторов 1/3;61;1;9;5900000;95469
Твой город возможностей;Кировский;улица Конева 20;74;15;16;7600000;101604
ТандемТ;Советский;улица 50 лет Профсоюзов 95;57;3;5;4400000;75993
НСБ-Недвижимость;Кировский;улица 3-я Енисейская 28;76;2;10;8968000;118000
ЛИОРА;Кировский;улица Ватутина 28/1;66;1;10;5700000;86364
ТандемТ;Центральный;улица Гусарова 60Б;80;1;2;5800000;72500
ВЕТЕР ПЕРЕМЕН;Ленинский;улица Гризодубовой 11А;72;1;2;3200000;44383
Домофон;Ленинский;улица Константина Заслонова 3А;60;3;3;3300000;54187
ЛИОРА;Ленинский;улица 6-я Станционная 149;51;5;9;3720000;71954
АССОЛЬ;Ленинский;улица Ишимская 14;54;2;4;3800000;70370
Этажи Омск;Октябрьский;улица 20 лет РККА 238;59;1;2;3800000;64189
Людмила Дашкова;Советский;улица Тимофея Белозерова 1;49;5;5;3900000;79592
ТандемТ;Советский;Заозерная улица 12;50;4;5;3900000;78000
ЛИОРА;Советский;улица 22 Апреля 18А;55;1;5;4100000;74007
Этажи Омск;Советский;улица Андрианова 34;58;4;5;4300000;73883
Бюро недвижимости Зуевой Я.Н.;Центральный;улица 30-я Северная 68;48;2;5;4400000;90535
Этажи Омск;Ленинский;улица Демьяна Бедного 91;60;5;9;4590000;75743
Премиум класс;Советский;Нефтезаводская улица 31В;60;5;5;4600000;76667
Этажи Омск;Ленинский;Крыловская улица 54А;62;1;5;4700000;75806
Этажи Омск;Советский;проспект Мира 92;59;9;9;4700000;78595
Этажи Омск;Советский;улица 22 Апреля 56;56;5;5;4800000;85714
НСБ-Недвижимость;Ленинский;улица Константина Заслонова 4;72;5;5;4850000;67268
Этажи Омск;Кировский;улица Ватутина 6;50;1;5;4950000;98214
ID 9715390;Кировский;улица Рокоссовского 6;62;2;9;5200000;83601
Большой Город;Кировский;улица Рокоссовского 20;69;12;12;5300000;75823
ЛИОРА;Ленинский;улица Серова 12;66;3;3;5400000;80960
Твой город возможностей;Октябрьский;улица Кирова 5а;58;2;5;5700000;96939
Омская недвижимость;Октябрьский;Харьковская улица 27;68;2;12;6000000;87591
ЛИОРА;Центральный;проезд 1-й Амурский 5к3;79;6;10;6187359;78321
Этажи Омск;Кировский;улица Крупской 1;64;4;9;6200000;96875
Самолет Плюс Омск;Кировский;улица Степанца 12;63;9;9;6499000;103159
Этажи Омск;Центральный;проезд 1-й Амурский 3к2;78;10;10;7077408;90736
Этажи Омск;Советский;улица Химиков 32;90;10;10;7300000;81111
Радонеж;Кировский;улица Конева 24;68;7;12;7450000;108285
МЕТА;Кировский;улица Лукашевича 10;62;9;9;7500000;119808
ИПОТЕКА-ЦЕНТР;Советский;улица Сибниисхоз 1;88;3;4;7990000;90079
НСБ-Недвижимость;Центральный;улица Яковлева 169;102;1;14;9430002;92451
Копейка;Ленинский;проспект Карла Маркса 38;78;4;5;9800000;125320
АССОЛЬ;Советский;проспект Менделеева 14/1;94;2;9;10490000;111596
НСБ-Недвижимость;Октябрьский;улица Шебалдина 199/2;71;2;8;13200000;183588
Ледон;Октябрьский;Учебная улица 202;55;3;5;3799000;68205
АВЕСТА-РИЭЛТ;Советский;улица Магистральная 70А;59;2;9;3841000;64124
АВЕСТА-РИЭЛТ;Советский;улица 22 Апреля 46;57;5;5;3899000;68404
Доверие;Ленинский;улица Лобкова 22;60;1;3;3900000;65000
ДОМСК;Советский;Нефтезаводская улица 38А;57;3;5;4200000;72917
МИАРД ВЛАДИС;Советский;улица 20-го Партсъезда 51А;74;1;4;4235000;57075
Сибирский Ипотечный Центр;Кировский;Мельничная улица 58В;63;3;10;6500000;102041
Самолет Плюс Омск;Ленинский;улица Константина Заслонова 4;65;2;5;5430000;82398
ВЕТЕР ПЕРЕМЕН;Октябрьский;улица Пархоменко 23А;74;7;8;6700000;90054
ЛИОРА;Советский;проспект Менделеева 17/3;70;5;5;5650000;80714
Этажи Омск;Кировский;Хлебная улица 33;106;4;5;9500000;89623
НСБ-Недвижимость;Кировский;улица 3-я Енисейская 28;76;6;10;9120000;120000
АССОЛЬ;Ленинский;набережная Иртышская 37;56;4;5;5050000;90179
Этажи Омск;Ленинский;улица Константина Заслонова 4;65;2;5;5500000;83460
РИЭЛТКОНСАЛТ;Советский;улица Энтузиастов 45;57;5;5;3600000;62718
АССОЛЬ;Советский;Заозерная улица 18/1;64;5;5;4690000;73281
Самолет Плюс Омск;Советский;проспект Менделеева 14/1;113;8;9;8990000;79487
Этажи Омск;Кировский;проспект Комарова 21;83;8;16;9300000;112048
Этажи Омск;Ленинский;улица Труда 5;62;1;5;5150000;81876
Бюро недвижимости Зуевой Я.Н.;Ленинский;улица Федора Крылова 4;56;3;5;4500000;80357
ПОЛЕЗНЫЕ ЛЮДИ;Ленинский;улица Котельникова 2;51;3;9;5100000;99222
ЛИОРА;Центральный;улица Лермонтова 136;60;3;9;5300000;87894
Этажи Омск;Центральный;улица 10 лет Октября 111;66;3;9;6500000;98485
Этажи Омск;Центральный;набережная Тухачевского 16;125;4;13;21000000;168000
Этажи Омск;Ленинский;улица Кучерявенко 3;58;2;5;5499000;93362
ЛИОРА;Ленинский;улица 6-я Станционная 27;58;1;5;4270000;73368
Квартсервис;Ленинский;улица 6-я Станционная 27;58;1;5;4270000;73368
ТандемТ;Советский;улица 22 Апреля 8В;65;3;5;5300000;81538
ДОМСК;Центральный;улица 3-я Северная 123;80;2;9;9400000;117500
СоДействие;Ленинский;улица Серова 13;98;4;5;10700000;109184
Омская недвижимость;Центральный;улица 21-я Амурская 24Б;60;5;5;3900000;64892
Риэлт Сибирь;Советский;улица 22 Апреля 51;60;5;5;3970000;66167
Домофон;Кировский;Куломзинская улица 105;61;4;5;7100000;115824
НСБ-Недвижимость;Советский;улица 22 Апреля 1;57;1;5;4060000;71228
Этажи Омск;Советский;улица Светлая 12;58;5;5;4150000;70698
Этажи Омск;Советский;Заозерная улица 32;63;1;9;5800000;91483
Этажи Омск;Кировский;улица Конева 24;68;7;12;7450000;108759
Сибирский Ипотечный Центр;Центральный;улица Арнольда Нейбута 8;84;4;13;12900000;153571
АВЕСТА-РИЭЛТ;Советский;улица Коммунальная 15;48;5;5;3892500;80590
Радонеж;Советский;улица Сибниисхоз 7;63;4;9;5100000;80952
Жилфонд Омск;Советский;улица Бархатовой 5;65;8;10;6400000;98160
Наталья Антонова;Кировский;улица Перелета 24;69;6;14;10000000;144300
ЛИОРА;Кировский;улица 70 лет Октября 13/3;101;10;16;13250000;130542
Самолет Плюс Омск-Центр;Советский;улица Строителей 3;52;2;2;4135000;78612
Этажи Омск;Октябрьский;улица 2-я Транспортная 16;67;3;3;3450000;50885
Этажи Омск;Кировский;Революционная улица 11;47;3;5;4550000;96809
Юлия Розенберг;Октябрьский;Братская улица 19;119;1;6;15500000;129925
Большой Город;Центральный;Краснознаменная улица 26/1;70;1;5;4800000;68279
НСБ-Недвижимость;Кировский;Новороссийская улица 3;59;1;5;4700000;79258
Этажи Омск;Советский;Пригородная улица 15/1;76;4;5;8200000;107895
Этажи Омск;Октябрьский;проспект Космический 22к2;62;5;17;8950000;142971
ЛИОРА;Советский;улица Энтузиастов 5;55;3;5;4300000;77338
ЛИОРА;Центральный;улица 21-я Амурская 25к3;73;8;10;7399353;101361
СоДействие;Советский;проспект Мира 26;55;5;5;4200000;75404
Этажи Омск;Ленинский;проспект Карла Маркса 54;65;5;9;7150000;110000
Этажи Омск;Советский;проспект Королева 10;62;8;9;6290000;101452
Этажи Омск;Советский;улица 22 Апреля 8В;65;3;5;5300000;81538
Этажи Омск;Советский;улица Лаптева 6;50;8;9;5350000;106362
Этажи Омск;Кировский;улица Конева 26/1;63;1;10;6250000;99206
ТандемТ;Советский;Нефтезаводская улица 30А;58;4;5;4000000;68259
СмартРиэлт;Центральный;улица Звездова 54;82;9;10;8937262;108991
Этажи Омск;Октябрьский;улица 2-я Железнодорожная 5;63;6;9;4700000;73668
Комфорт;Кировский;улица 3-я Енисейская 28/1;76;2;11;8968000;118000
ТандемТ;Советский;улица Лаптева 6;51;8;9;5350000;104902
ДОМСК;Кировский;проспект Комарова 15;80;6;10;11300000;141250
Мой мир;Ленинский;улица Вокзальная 49;41;2;5;3500000;84746
ЛИОРА;Советский;проспект Королева 10;62;8;9;6290000;101452
ДОМЕТРИКА;Центральный;улица Добровольского 3;49;2;9;4800000;96386
Этажи Омск;Центральный;проспект Карла Маркса 10;72;4;5;8100000;111264
Твой город возможностей;Ленинский;улица Жуковского 31/3;65;6;9;5900000;90214
МЕТА;Советский;улица Красный Путь 80А;54;1;5;6190000;114207
КЛЮЧ;Кировский;улица Туполева 2;79;5;11;9495000;120190
Этажи Омск;Центральный;улица Фрунзе 49;110;6;10;12499000;113627
Этажи Омск;Советский;улица 5-й Армии 6;139;2;13;14600000;105036
Этажи Омск;Центральный;улица Фрунзе 49;112;5;10;15500000;138393
РБН - Омск;Центральный;Волочаевская улица 15к1;136;1;10;20400000;149560
АВЕСТА-РИЭЛТ;Советский;улица 4-я Поселковая 34Б;41;5;5;3235000;77578
ТандемТ;Советский;улица Сергея Тюленина 13;62;2;5;6500000;104167
Этажи Омск;Кировский;улица Перелета 31;87;3;9;11300000;129291
Этажи Омск;Советский;улица 4-я Новостроевская 3;63;1;9;5900000;93651
Этажи Омск;Центральный;пос. Биофабрика 1/1;97;7;16;8450000;86845
Этажи Омск;Центральный;улица 24-я Северная 204к1;97;10;10;9850000;101546
Премиум класс;Советский;проспект Мира 88А;62;5;5;5390000;86795
Этажи Омск;Кировский;улица Степанца 6В;62;2;10;6499000;103984
ТандемТ;Советский;проспект Мира 88А;62;5;5;5440000;87742
ТандемТ;Советский;улица 20-го Партсъезда 50;59;2;5;4990000;84576
НСБ-Недвижимость;Советский;проспект Менделеева 36Б;62;1;5;5570000;89839
Радонеж;Советский;улица Сергея Тюленина 13;63;2;5;6500000;103175
АССОЛЬ;Советский;улица Энтузиастов 17;58;5;5;4275000;73077
Ледон;Центральный;улица 2-я Барнаульская 11А;51;5;5;4070000;79183
АВЕСТА-РИЭЛТ;Советский;улица 50 лет Профсоюзов 126;49;5;5;4066000;82141
АВЕСТА-РИЭЛТ;Советский;улица Энергетиков 65А;59;4;5;4110000;68729
ТандемТ;Кировский;улица Дианова 30;64;10;10;4900000;76563
Этажи Омск;Кировский;Ялтинская улица 49;89;1;3;5990000;67303
Этажи Омск;Октябрьский;улица 3-я Транспортная 11;56;1;3;5500000;97173
Этажи Омск;Советский;проспект Менделеева 36Б;62;1;5;5600000;90323
Ключники;Центральный;Ильинская улица 1;90;7;16;16200000;180000
Елена Багбая;Центральный;улица Авангардная 5;42;5;5;2900000;69048
Добрый Дом;Октябрьский;улица Романенко 7;62;4;5;3300000;52800
Лариса Игнатович;Советский;улица 22 Апреля 16А;49;5;5;3760000;76735
100 процентов;Ленинский;улица Василия Маргелова 289;48;1;5;4070000;84792
Недвижимость Гарант;Октябрьский;улица Российская 3;60;3;5;2800000;46667
Союз Гарант;Кировский;улица Степанца 6А;50;5;5;4990000;99800
Елена Багбая;Кировский;улица Конева 14;70;9;9;8200000;117143
Центр Деловых Решений;Октябрьский;улица 75-й Гвардейской Бригады 6;58;5;5;4320000;73846
Даниил Ельцов;Центральный;улица Сазонова 208А;63;8;10;6100000;96063
Аркада-Стиль;Центральный;улица Багратиона 94;100;4;9;7500000;75000
Аркада-Стиль;Кировский;улица Перелета 34;77;6;15;9500000;123377
100 процентов;Ленинский;улица Вострецова 4;60;1;9;5100000;85000
Союз Гарант;Октябрьский;улица 1-я Военная 7к1;96;8;10;8500000;88174
Евгения Слинкина;Советский;улица Коммунальная 19;60;5;5;3400000;56667
Светлана Арчибасова;Кировский;улица Конева 24;68;6;12;6150000;89781
Аркада-Стиль;Ленинский;улица Серова 24;64;4;9;5900000;92188
100 процентов;Кировский;проспект Комарова 31;63;6;9;6600000;104762
Аркада-Стиль;Кировский;улица 1-я Солнечная 14;83;3;3;6150000;74096
Аркада-Стиль;Советский;улица 22 Апреля 39/1;108;3;9;9777000;90528
Союз Гарант;Центральный;проезд 1-й Амурский 9к1;69;2;11;6919803;100287
Ваш Адрес;Советский;улица Малиновского 12к3;63;3;10;5560000;88254
Ключники;Советский;улица Энтузиастов 23А;59;3;5;5800000;97152
Аркада-Стиль;Кировский;улица Дианова 3;63;4;9;5530000;87778
Квадраты;Центральный;проезд 2-й Краснопахарский 2;69;1;2;4200000;60345
Аркада-Стиль;Кировский;улица Дмитриева 13/8;68;2;5;6650000;97794
АЛЬМЕРАРИЭЛТ;Октябрьский;улица 50 лет ВЛКСМ 16;62;4;5;4180000;67203
Галина Лолаева;Центральный;улица Куйбышева 62;121;5;7;14280000;117531
Анастасия Крахоткина;Центральный;набережная Тухачевского 16;146;2;13;16800000;114990
АЛЬМЕРАРИЭЛТ;Ленинский;улица Серова 14;66;3;3;4960000;75038
Евгения Слинкина;Советский;улица Малунцева 23А;73;2;4;8500000;115962
Квадраты;Центральный;Спартаковская улица 18;75;1;3;8200000;109333
Аркада-Стиль;Советский;проспект Мира 84А;64;2;5;4500000;70313
100 процентов;Ленинский;Моторная улица 1;63;6;9;5350000;84921
Ключники;Октябрьский;Харьковская улица 27/1;81;8;12;6945000;85215
Квадраты;Октябрьский;улица Кирова 20;86;8;12;7800000;90698
100 процентов;Кировский;улица Конева 24;81;4;12;8150000;100617
Ключники;Центральный;улица 10 лет Октября 115;105;7;10;12000000;113636
Добрый Дом;Советский;Заозерная улица 16;50;8;9;3590000;71800
Аркада-Стиль;Центральный;улица Ленина 51;82;2;3;7640000;93171
Аркада-Стиль;Центральный;проспект Карла Маркса 10;73;4;5;8100000;110959
Аркада-Стиль;Центральный;улица Куйбышева 136;63;8;9;5799000;92048
Ключники;Советский;проспект Менделеева 8;59;5;5;5100000;86003
ID 70292068;Центральный;улица 2-я Челюскинцев 17А;40;1;2;2250000;55970
ID 70292240;Октябрьский;улица Пархоменко 17;74;3;3;4080000;55135
ID 73047618;Советский;улица Энергетиков 67;56;3;5;4100000;73214
ID 70291912;Советский;улица 22 Апреля 4А;58;2;5;4100000;69966
ID 70293793;Центральный;улица 21-я Амурская 3Б;55;4;5;4280000;76565
Татьяна Шаврук;Октябрьский;улица 75-й Гвардейской Бригады 16А;57;4;5;4100000;71429
ID 23245738;Советский;улица Магистральная 19;68;2;2;3100000;45588
ID 95574420;Ленинский;улица Василия Маргелова 289;48;2;5;2700000;56250
ID 70291779;Октябрьский;улица 75-й Гвардейской Бригады 2;56;5;5;4100000;73214
ID 70291896;Октябрьский;улица Богдана Хмельницкого 216;68;4;4;4070000;59853
ID 70291780;Октябрьский;проспект Космический 89;58;5;5;3500000;60345
ID 70293342;Советский;улица 20-го Партсъезда 28;64;1;3;3650000;57031
ПОКРОВ;Кировский;улица Авиагородок 5;70;1;4;4300000;61429
ID 70293702;Кировский;Старый Кировск мкр 9;57;1;5;3790000;66028
ID 70292138;Советский;улица Андрианова 34;58;1;5;3890000;67069
ID 70291860;Центральный;улица Багратиона 27А;59;3;5;4190000;70777
ID 70291764;Центральный;улица 21-я Амурская 7А;58;1;5;3400000;58621
ID 100917227;Октябрьский;улица Пархоменко 18;74;1;3;4270000;57703
ID 70291812;Ленинский;улица Гуртьева 8А;64;3;5;3800000;59375
ID 70292014;Кировский;улица 2-я Солнечная 28А;60;1;5;4230000;70500
ID 68533490;Ленинский;улица Василия Маргелова 289;60;5;5;4050000;67500
ID 74292118;Октябрьский;улица 50 лет ВЛКСМ 2Б;47;2;5;4300000;91489
ID 74855321;Октябрьский;улица 6-я Шинная 15;59;3;5;3650000;61551
ID 92218325;Советский;улица Магистральная 81;59;4;5;4200000;70352
ID 70292059;Центральный;набережная Иртышская 26;55;3;5;4299000;78164
Наталья Маламыжева;Центральный;улица 33-я Северная 48;68;3;5;4000000;58824
ID 70291789;Октябрьский;улица Моторостроителей 20;55;2;5;2870000;52182
ID 70291957;Центральный;улица 2-я Челюскинцев 9А;60;2;5;4200000;70000
ID 70292128;Центральный;Сибмисовская улица 12;58;3;5;3770000;64888
ID 70292197;Кировский;Граничная улица 124;70;1;2;3900000;55714
ID 73048658;Ленинский;улица Ярослава Гашека 3/2;62;1;9;4300000;69355
ID 70291958;Ленинский;Входной мкр 17;61;1;4;4200000;68852
СТРОЙ-ИНВЕСТ;Кировский;улица Авиагородок 2;70;4;4;4300000;60993
Альфа риелт;Кировский;улица Нефтебаза 5;73;3;5;4200000;57534
Жизнь города;Ленинский;улица 10-я Чередовая 15/1;61;4;5;3870000;62621
ID 70293368;Центральный;Сибмисовская улица 12;62;5;5;3900000;62903
ID 83930276;Октябрьский;улица 50 лет ВЛКСМ 8А;58;1;5;4200000;71918
«АКАДЕМИЯ ЖИЛЬЯ-55»;Ленинский;улица 6-я Станционная 149;51;5;9;3720000;72941
ID 70291981;Кировский;улица Авиагородок 6;73;1;4;4000000;54720
«АКАДЕМИЯ ЖИЛЬЯ-55»;Октябрьский;улица Романенко 1;45;2;5;3370000;74723
ID 107208679;Центральный;Донецкая улица 1;56;3;5;4300000;76786
ID 70291981;Кировский;улица Нефтебаза 1;38;1;2;2860000;74869
ID 70291851;Октябрьский;улица 3-я Молодежная 63;64;9;9;3990000;62344
НОВОЕ ВРЕМЯ;Центральный;улица Багратиона 9А;58;2;5;4200000;71795
ID 71352838;Центральный;улица 4-я Заречная 2А;61;4;5;3800000;62092
Юлия Мельниченко;Центральный;улица 24-я Северная 167;49;1;5;3500000;70850
БУТЕРИН;Октябрьский;проспект Космический 6;55;4;5;4300000;78182
ГОРОД СОЛНЦА;Центральный;улица Герцена 250;62;3;5;5380000;86218
Елена Павлова;Ленинский;улица Карбышева 24А;57;1;2;3390000;59162
ID 106649171;Октябрьский;переулок Камерный 42;51;5;5;3450000;67647
ID 70292118;Ленинский;Сибирский проспект 8/2;48;4;5;3770000;77413
ID 14436792;Октябрьский;Учебная улица 195;55;4;4;4200000;75269
ID 74338114;Советский;улица Бородина 37А;62;2;5;4270000;67886
ID 23453361;Советский;улица Бархатовой 6А;50;1;6;3350000;67000
ID 70292068;Центральный;улица 22-го Партсъезда 94;57;4;5;2000000;35088
ID 70291782;Центральный;улица 21-я Амурская 30;58;1;5;3950000;68103
ID 70291912;Октябрьский;улица 17-я Рабочая 91А;59;4;5;4200000;70946
ID 70291834;Ленинский;улица Вострецова 7/3;48;5;5;4250000;87090
ID 70293508;Октябрьский;улица Осташковская 20;54;2;2;3400000;62963
ID 70293727;Октябрьский;Запорожская улица 7;61;1;3;2898000;47508
ID 77339984;Октябрьский;улица 3-я Молодежная 58;49;1;5;3790000;77189
ID 70292118;Советский;улица Блюхера 10;48;2;5;3800000;78189
ЭФФЕКТИВНОСТЬ;Кировский;улица Олега Кошевого 22;58;4;5;3800000;65292
ID 19385864;Советский;Заозерная улица 12;50;4;5;3880000;77137
ID 70292128;Октябрьский;улица 75-й Гвардейской Бригады 18;60;5;5;3900000;65000
ID 70292322;Центральный;улица 17-й Военный городок 370;61;2;5;3999000;65343
Империя;Советский;проспект Мира 34Г;58;1;5;4200000;72414
ID 91691643;Советский;Заозерная улица 5А;59;5;5;4200000;71186
ID 70292241;Ленинский;улица 6-я Станционная 35;60;2;5;4200000;70000
ID 70291764;Центральный;улица 21-я Амурская 30;58;1;5;4200000;71429
ID 91359305;Советский;проспект Менделеева 33;60;1;9;4300000;71667
ID 70295321;Советский;улица 20-го Партсъезда 54;59;2;5;3990000;67627
Риэлт-Сервис;Центральный;улица Яковлева 167;34;2;2;2250000;65407
ID 105423468;Кировский;улица 3-я Автомобильная 1;57;4;5;4200000;72790
ID 70293416;Советский;Заозерная улица 2;62;1;5;4200000;67200
ID 70292006;Центральный;улица Багратиона 21Б;64;1;5;3820000;59409
ОМСК РИЭЛТ;Ленинский;улица Киевская 4;59;5;5;3900000;65878
ID 70295265;Советский;проспект Мира 61;59;1;5;4190000;71017
ID 70293327;Октябрьский;улица 6-я Шинная 15;60;3;5;3590000;59833
ID 49160988;Советский;улица Андрианова 36;55;2;5;3700000;67273
ID 70291859;Ленинский;проспект Карла Маркса 44;55;5;5;4250000;77273
ID 49160988;Кировский;улица Туполева 3Б;48;5;5;4340000;89117
ID 73772067;Советский;улица Сергея Тюленина 3в;48;1;5;3600000;75000
ID 70293642;Октябрьский;проспект Космический 53;60;5;5;4200000;70000
ID 70291811;Советский;улица 22 Апреля 51;60;5;5;3970000;66167
ID 70291853;Ленинский;улица 2-я Ленинградская 26;69;3;5;4300000;61960
Татаревич Ирина;Советский;Нефтезаводская улица 22;44;4;5;3550000;80682
ID 101623475;Кировский;улица 8-я Кировская 101;67;1;5;3980000;58876
ID 70292187;Кировский;улица 2-я Казахстанская 42;62;2;2;3790000;61129
ID 70293292;Советский;проспект Менделеева 28;59;1;5;4290000;72712
ID 70293345;Советский;улица Энтузиастов 5;55;5;5;3700000;66787
ID 70292030;Советский;улица 1-я Поселковая 3;42;5;5;3770000;89762
ID 70291784;Советский;улица Глинки 1А;49;3;5;4200000;85714
ID 70291858;Ленинский;улица Вострецова 3;58;1;5;4250000;73150
ID 74290108;Кировский;улица Ватутина 13А;51;2;5;4200000;81712
«АКАДЕМИЯ ЖИЛЬЯ-55»;Ленинский;улица 6-я Станционная 27;58;1;5;4260000;73196
ID 73047561;Советский;улица Андрианова 34;58;4;5;4160000;71724
ID 70292045;Кировский;Мельничная улица 94;40;2;2;3100000;77500
ID 105365959;Октябрьский;улица 18-й Военный городок 172;50;1;5;3150000;63000
ID 70292043;Ленинский;улица Константина Заслонова 11А;64;3;3;3540000;55054
ID 70292063;Октябрьский;улица 2-я Транспортная 16;66;1;3;4000000;59970
ID 70291841;Советский;улица Энтузиастов 29;48;1;5;4190000;86749
ID 70293572;Советский;улица Коммунальная 5;59;2;5;4200000;71186
ID 70292154;Ленинский;улица 6-я Станционная 35;43;5;5;3870000;90000
«АКАДЕМИЯ ЖИЛЬЯ-55»;Октябрьский;улица 50 лет ВЛКСМ 2Б;47;2;5;4100000;87234
РУБЛЕВКА 55;Октябрьский;переулок 3-й Железнодорожный 16;63;9;9;4299000;68238
ID 70293517;Октябрьский;улица 16-й Военный городок 426;58;4;5;4300000;73883
ID 70291910;Ленинский;мкр. Омская Птицефабрика 38;54;2;2;3270000;60556
РУБЛЕВКА 55;Октябрьский;улица Олимпийская 4;60;1;5;3550000;59167
ID 75014133;Советский;улица Энтузиастов 67Б;42;2;5;3030000;72143
Квартсервис;Октябрьский;улица Олимпийская 4;58;5;5;4350000;74486
Квартсервис;Центральный;улица Чехова 3;55;1;9;4390000;79385
МИАРД ВЛАДИС;Советский;улица Химиков 40;55;5;9;4380000;79204
Академия;Центральный;улица 21-я Амурская 26;55;5;5;4390000;79818
Империя;Советский;улица Андрианова 34;59;2;5;4399000;74559
Самолет Плюс Омск-Центр;Кировский;улица 2-я Солнечная 28А;59;1;5;4350000;73109
ID 70292257;Советский;проспект Мира 171;59;4;5;4350000;73356
ID 70292081;Кировский;улица Лукашевича 8Б;60;5;5;4390000;73167
АМИДИ Омск;Советский;улица Коммунальная 23;58;1;5;4390000;74660
ID 73307166;Советский;улица 2-я Поселковая 53;62;9;10;4399000;70952
ID 105526060;Центральный;улица 26-я Северная 19/1;56;5;5;4390000;77975
Квартсервис;Кировский;улица Комкова 3;47;4;5;4400000;93418
Квартсервис;Советский;улица Блюхера 14;63;1;5;4430000;70317
Квартсервис;Кировский;улица Бережного 5А;47;3;5;4400000;92243
Доверие;Октябрьский;переулок Камерный 49;62;3;5;4400000;70968
Доверие;Ленинский;улица Шакурова 12;60;3;5;4400000;72727
Самолет Плюс Омск-Центр;Советский;улица Сергея Тюленина 13;59;3;5;4400000;74576
ID 70292036;Советский;улица 22 Апреля 12Б;62;1;5;4400000;70968
ID 70292043;Октябрьский;улица 4-я Транспортная 44;60;4;9;4400000;73090
ID 70292099;Советский;проспект Королева 2;58;1;5;4400000;74830
ОМСК РИЭЛТ;Советский;проспект Менделеева 28;48;5;5;4400000;89980
ID 70292125;Советский;Заозерная улица 5;55;1;9;4400000;78712
МИАРД ВЛАДИС;Октябрьский;мкр. Чкаловский улица Индустриальная;54;1;5;4495000;82477
МИАРД ВЛАДИС;Кировский;Новороссийская улица 3;58;3;5;4450000;76199
Елена Зотова;Ленинский;улица Константина Заслонова 1;65;4;4;4480000;68923
Риэлт-Сервис;Кировский;улица Лисицкого 3А;58;5;5;4460000;76632
ID 78005360;Советский;проспект Королева 14;59;3;10;4480000;75168
ID 70292081;Октябрьский;улица 2-я Железнодорожная 5;64;8;9;4480000;70000
ID 70292081;Ленинский;улица Жуковского 31/1;60;5;9;4480000;74667
ID 70292059;Ленинский;улица Лобкова 3;69;2;3;4470000;64783
ID 75014133;Советский;улица Андрианова 34;58;5;5;4450000;76068
Ледон;Советский;улица 22 Апреля 10А;58;5;5;4500000;77320
Ледон;Октябрьский;улица Василия Товстухо 2;58;5;5;4500000;76923
Иртыш;Ленинский;улица 14-я Чередовая 8;73;1;2;4500000;61475
Самолет Плюс Омск-Центр;Советский;улица Бородина 37;58;2;5;4530000;78103
ID 70292011;Советский;Заозерная улица 17;58;8;9;4500000;77586
ID 70293468;Кировский;улица Суровцева 53;59;4;5;4500000;76271
ID 14349333;Кировский;улица Лисицкого 3В;59;5;5;4500000;76271
ID 81470951;Советский;улица Магистральная 42Б;72;1;3;4500000;62413
ID 82206759;Центральный;улица 24-я Северная 210;58;1;6;4500000;76661
«АКАДЕМИЯ ЖИЛЬЯ-55»;Октябрьский;улица Свободы 45;61;9;9;4500000;72698
ID 57730462;Советский;проспект Королева 2;58;1;5;4500000;76531
ID 44602834;Октябрьский;улица Николая Худенко 1А;63;3;5;4500000;71429
ID 104336305;Октябрьский;улица 50 лет ВЛКСМ 1;59;1;5;4500000;75251
ID 70292325;Советский;проспект Мира 78;72;4;5;4550000;63194
ID 101623475;Ленинский;улица 22-я Марьяновская 2;63;6;10;4580000;72698
ID 70292071;Центральный;улица 2-я Барнаульская 22;67;5;7;4580000;68053
ID 70292246;Советский;улица Энтузиастов 15;58;5;5;4570000;78793
ID 70293620;Центральный;улица 5-я Северная 193/1;61;8;9;4599000;74780
Квартсервис;Октябрьский;улица 5-я Рабочая 70;53;4;5;4600000;86466
Квартсервис;Центральный;Бульварная улица 3;55;3;5;4600000;82437
Самолет Плюс Омск-Центр;Октябрьский;улица 4-я Транспортная 44;59;7;9;4638000;77950
Елена Павлова;Октябрьский;улица 9-я Линия 141;58;2;2;4600000;78365
ID 70293497;Октябрьский;улица Свободы 45;61;9;9;4600000;74313
ID 70291809;Октябрьский;улица 4-я Транспортная 44;62;8;9;4600000;73718
ID 70292241;Кировский;улица Комкова 1/1;57;1;5;4600000;80139
ID 105007237;Советский;Нефтезаводская улица 32А;54;1;5;4600000;83789
ID 70291767;Ленинский;улица Карбышева 27А;58;5;5;4610000;78535
ID 73048449;Центральный;улица 5-й Армии 71;50;1;5;4600000;91089
ID 32472786;Центральный;улица Красный Пахарь 187;65;4;5;4600000;70769
АВЕСТА-РИЭЛТ;Центральный;улица 33-я Северная 122;62;8;10;4650000;74519
Самолет Плюс Омск-Центр;Советский;улица Сергея Тюленина 11;69;5;5;4650000;66619
Мой дом;Кировский;улица Путилова 11А;49;4;5;4650000;94130
ID 21726022;Октябрьский;улица 3-я Молодежная 63;66;9;9;4699000;70450
ID 70292357;Советский;улица Блюхера 18;61;7;9;4660000;76393
ID 91359305;Ленинский;улица Вострецова 7;60;3;5;4650000;77500
ID 103823221;Ленинский;Крыловская улица 23;64;5;9;4659000;72797
ID 70292048;Октябрьский;улица 6-я Линия 168А;61;5;5;4650000;76230
ID 70291780;Центральный;бульвар Победы 5;57;3;5;4670000;81930
ID 73093763;Октябрьский;улица 6-я Линия 168А;61;5;5;4650000;75733
ID 88545730;Советский;улица Сергея Тюленина 11;60;5;5;4650000;77500
ID 70292300;Кировский;улица Комкова 6;59;6;9;4650000;78020
ID 70680330;Советский;улица 22 Апреля 16;56;5;5;4650000;83036
Жизнь города;Ленинский;улица Ярослава Гашека 12;62;6;10;4710000;75481
АВЕСТА-РИЭЛТ;Советский;улица Бархатовой 9А;62;5;5;4710000;75360
АВЕСТА-РИЭЛТ;Советский;улица 50 лет Профсоюзов 109А;63;2;5;4740000;74763
Лин-Сервис;Октябрьский;улица 75-й Гвардейской Бригады 10А;62;1;5;4700000;75684
Самолет Плюс Омск-Центр;Центральный;улица Нахимова 59;56;3;5;4700000;83186
Квартсервис;Октябрьский;улица 50 лет ВЛКСМ 1;59;1;5;4700000;78595
ID 70293497;Центральный;улица 5-й Армии 71;50;1;5;4714000;93347
ID 75014133;Ленинский;проспект Карла Маркса 89а;49;2;5;4749000;96918
«АКАДЕМИЯ ЖИЛЬЯ-55»;Ленинский;проспект Карла Маркса 89а;49;2;5;4749000;96918
ID 104914481;Ленинский;мкр. Омская Птицефабрика 51;74;1;3;4700000;63514
АВЕСТА-РИЭЛТ;Октябрьский;улица Романенко 9;62;3;5;4750000;75879
Самолет Плюс Омск-Центр;Ленинский;улица Вострецова 7/2;60;5;5;4750000;79167
Ледон;Кировский;улица Муромцева 89;48;2;5;4770000;97546
Квартсервис;Советский;улица 22 Апреля 8А;56;5;5;4750000;84520
Советник-Недвижимость;Ленинский;проспект Карла Маркса 89а;50;2;5;4750000;95000
ID 70291858;Советский;проспект Мира 57А;57;3;5;4790000;83595
ID 70291780;Центральный;улица 20-я Амурская 57;70;5;5;4760000;68000
Самолет Плюс Омск-Центр;Кировский;улица Можайского 1;61;4;5;4800000;78049
МИАРД ВЛАДИС;Центральный;улица Яковлева 12;59;3;5;4800000;80537
Доверие;Кировский;улица Ватутина 7Б;63;3;5;4800000;76190
Этажи Омск;Кировский;улица Лисицкого 9Б;61;1;9;4800000;78689
Самолет Плюс Омск-Центр;Советский;улица Бородина 48;49;7;9;4800000;96774
Самолет Плюс Омск-Центр;Советский;проспект Королева 14;59;9;9;4800000;80537
Лилия Никольская;Советский;проспект Мира 21;60;5;5;4800000;79734
ID 70292202;Советский;проспект Мира 163к2;69;5;5;4800000;69565
ОМСК РИЭЛТ;Советский;улица Химиков 20А;55;5;5;4820000;86225
ID 70291944;Ленинский;Входной мкр 19/1;67;4;6;4810000;71791
АВЕСТА-РИЭЛТ;Кировский;улица Лукашевича 10Б;58;3;5;4870000;83390
АВЕСТА-РИЭЛТ;Центральный;Красногвардейская улица 59;56;4;5;4870000;86501
Мой дом;Кировский;улица Комкова 7Б;59;4;9;4899000;81923
Самолет Плюс Омск-Центр;Советский;улица 20-го Партсъезда 54А;54;5;5;4890000;90556
Самолет Плюс Омск-Центр;Кировский;Мельничная улица 89к6;65;5;5;4850000;74273
МИАРД ВЛАДИС;Кировский;улица Лукашевича 19А;58;5;5;4850000;82343
МИАРД ВЛАДИС;Советский;улица 20-го Партсъезда 28;64;2;3;4870000;76094
ID 70291851;Советский;проспект Менделеева 6;58;4;5;4890000;83877
ID 70292117;Центральный;улица Степана Разина 3;50;1;5;4870000;97400
ID 70292075;Центральный;улица Декабристов 139;59;3;5;4890000;82601
ID 70292075;Ленинский;улица Демьяна Бедного 73;59;8;9;4880000;82712
ID 70292118;Октябрьский;улица 4-я Транспортная 42А;81;3;10;4899000;59963
ID 75014133;Кировский;Волгоградская улица 30Б;58;2;5;4850000;82765
ID 70295414;Центральный;Волочаевская улица 19Г;57;5;5;4900000;85814
ID 70292075;Советский;улица Энтузиастов 31;56;5;5;4900000;86879
ID 70293557;Советский;Заозерная улица 36;63;1;9;4900000;77778
Жизнь города;Ленинский;улица Алексея Полторацкого 64;65;2;10;4990000;76300
РИЭЛТКОНСАЛТ;Октябрьский;улица 75-й Гвардейской Бригады 10;62;1;5;4999000;80499
АВЕСТА-РИЭЛТ;Советский;улица Коммунальная 13Б;62;2;5;4970000;80032
АВЕСТА-РИЭЛТ;Советский;Нефтезаводская улица 36А;54;5;5;4999000;92574
АВЕСТА-РИЭЛТ;Центральный;Красногвардейская улица 43;56;4;5;4980000;88929
Елена Зотова;Октябрьский;улица Кирова 5а;60;5;6;4950000;82500
РИЭЛТКОНСАЛТ;Советский;улица Коммунальная 13А;59;5;5;4990000;83866
Империя;Советский;проспект Менделеева 3;60;1;5;4990000;83167
Самолет Плюс Омск-Центр;Кировский;Инженерная улица 119;58;5;5;4950000;84760
РИЭЛТКОНСАЛТ;Ленинский;улица Труда 5;62;1;5;4950000;78696
ID 103116527;Центральный;улица 10 лет Октября 203;67;1;5;4950000;73881
ID 70293356;Октябрьский;Харьковская улица 19к2;70;1;9;4999000;71009
ID 85111901;Ленинский;улица Василия Маргелова 391;63;5;5;4990000;79206
ID 70291885;Кировский;Волгоградская улица 10;59;4;5;4970000;83811
ID 98079593;Центральный;Омская улица 152;68;6;9;4999000;72660
ОМСК РИЭЛТ;Советский;улица Сергея Тюленина 15;60;5;5;4985000;82945
ОМСК РИЭЛТ;Советский;переулок 1-й Башенный 4;65;3;10;4970000;75532
ID 70292038;Ленинский;улица Демьяна Бедного 93;67;10;12;4950000;73881
ID 70293727;Ленинский;улица Жуковского 33/3;63;8;9;4990000;78956
ID 70292059;Кировский;бульвар Зеленый 9А;63;1;9;4950000;78571
ID 100484134;Октябрьский;улица 4-я Кордная 48;66;5;10;4980000;74663
Доверие;Октябрьский;улица Романенко 7А;59;1;5;5000000;83612
ДОМСК;Кировский;улица Перелета 4;60;2;9;5000000;83056
Самолет Плюс Омск-Центр;Кировский;улица Бережного 5;58;1;5;5000000;86207
ID 85023064;Кировский;улица Суровцева 53;63;5;5;5000000;78864
ID 70293298;Кировский;Революционная улица 13;59;2;5;5000000;84746
ID 70293500;Советский;проспект Мира 92;60;8;9;5000000;83333
ID 104666879;Октябрьский;улица 5-я Кордная 6;72;2;2;5000000;69444
ID 101672913;Кировский;улица Дианова 30;64;10;10;5000000;77882
ID 106373293;Ленинский;улица Ишимская 18;64;2;3;5000000;78125
АВЕСТА-РИЭЛТ;Кировский;Транссибирская улица 5;60;5;5;5077000;84617
Мой дом;Кировский;улица Фугенфирова 1;59;1;5;5099000;85987
РИЭЛТКОНСАЛТ;Ленинский;улица Стальского 1;61;1;9;5089000;83290
ID 85023064;Центральный;улица 27-я Северная 84А;57;2;5;5050000;88596
ID 73047826;Кировский;улица Перелета 4;61;6;9;5050000;82787
CRYSTAL ESTATE;Ленинский;улица Ярослава Гашека 3/2;63;1;9;5080000;80635
ID 70295324;Центральный;улица 10 лет Октября 187А;50;3;5;5050000;101000
ID 88545730;Центральный;улица 27-я Северная 84А;57;2;5;5050000;88596
Квартсервис;Центральный;улица 27-я Северная 84А;57;2;5;5100000;89474
Самолет Плюс Омск-Центр;Октябрьский;улица Петра Осминина 20;60;5;5;5100000;84859
РИЭЛТКОНСАЛТ;Центральный;улица 7-я Судоремонтная 1;70;1;5;5100000;71932
Омский Центр недвижимости и ипотеки;Октябрьский;Харьковская улица 27;70;9;12;5100000;72340
ID 85935565;Октябрьский;улица 5-я Кордная 6;72;2;2;5120000;71111
ID 70291780;Советский;улица Красный Путь 145А;59;2;9;5100000;86441
ID 70291809;Центральный;улица Яковлева 4;49;1;5;5100000;104082
ID 75014133;Кировский;улица Перелета 2;60;2;10;5100000;85000
«АКАДЕМИЯ ЖИЛЬЯ-55»;Кировский;улица Перелета 2;60;2;9;5100000;85000
ID 70295320;Центральный;улица Гражданская 1;65;2;9;5100000;78462
«АКАДЕМИЯ ЖИЛЬЯ-55»;Ленинский;улица Жуковского 31/1;62;1;9;5100000;81862
БУТЕРИН;Октябрьский;улица Кирова 22/2;64;2;10;5100000;79688
ID 106987495;Центральный;Краснознаменная улица 20;68;5;6;5100000;74020
ID 101926561;Ленинский;Сибирский проспект 2/1;58;5;5;5100000;87629
ID 104850072;Центральный;улица Масленникова 9б;48;1;5;5100000;106250
АВЕСТА-РИЭЛТ;Кировский;улица Лукашевича 19;59;4;5;5180000;87648
АВЕСТА-РИЭЛТ;Центральный;улица 10 лет Октября 149;50;1;9;5170000;102579
РИЭЛТКОНСАЛТ;Советский;улица Бородина 15;69;5;5;5150000;74638
РИЭЛТКОНСАЛТ;Центральный;улица Рабиновича 124;50;5;5;5150000;101980
МИАРД ВЛАДИС;Советский;Заозерная улица 32;63;3;9;5190000;81991
ID 73048108;Советский;Заозерная улица 17;61;7;9;5199000;85230
Ледон;Кировский;улица Володарского 120;63;5;9;5200000;81633
Лин-Сервис;Кировский;бульвар Архитекторов 1/3;62;6;9;5200000;83871
МИАРД ВЛАДИС;Центральный;улица Звездова 162;58;5;5;5200000;88586
МИАРД ВЛАДИС;Октябрьский;улица Рощинская 1;59;1;5;5200000;88136
ID 85023064;Советский;проспект Мира 100А;57;2;5;5200000;91228
ID 70293430;Кировский;улица Лукашевича 2А;63;5;9;5200000;82540
ID 70293344;Кировский;улица Дианова 21А;59;1;5;5200000;88136
Азбука Недвижимости;Кировский;улица 12 Декабря 104;60;5;5;5200000;86667
ID 96991089;Ленинский;улица Шакурова 8/1;68;2;5;5200000;76023
ID 70292014;Центральный;Омская улица 209;61;1;9;5200000;85246
ID 70291812;Центральный;улица 24-я Северная 171;58;4;5;5200000;89501
ID 73047651;Кировский;улица 3-я Любинская 15;63;2;10;5220000;82205
ID 70293727;Ленинский;улица Батумская 1/3;69;2;5;5225000;75725
«АКАДЕМИЯ ЖИЛЬЯ-55»;Ленинский;улица Демьяна Бедного 73;60;2;9;5220000;87000
ID 70291944;Советский;улица Химиков 12;63;1;9;5200000;82540
РИЭЛТКОНСАЛТ;Центральный;набережная Иртышская 15;59;3;5;5299000;89814
Самолет Плюс Омск-Центр;Центральный;улица Гусарова 2;42;5;5;5250000;123239
Мой дом;Советский;проспект Королева 10В;66;5;5;5250000;79425
ID 70293828;Кировский;улица Рокоссовского 14/2;68;5;5;5290000;77794
ID 70295187;Октябрьский;улица 5-я Рабочая 70;57;1;5;5250000;92105
ID 87434855;Советский;улица Химиков 14;63;2;10;5250000;83333
ID 70292014;Ленинский;Моторная улица 1;61;9;9;5250000;86066
ID 87434855;Кировский;улица Седова 57;60;5;5;5250000;87500
ID 73309736;Центральный;улица 21-я Амурская 28;63;3;5;5299000;83318
Метражи;Советский;улица Энергетиков 68;62;7;10;5300000;84261
РИЭЛТКОНСАЛТ;Советский;улица Лаптева 5;57;3;9;5300000;92982
РИЭЛТКОНСАЛТ;Октябрьский;улица 15-я Рабочая 90;69;3;12;5300000;75823
Доверие;Советский;переулок 1-й Башенный 4;63;10;10;5300000;84127
ДОМСК;Центральный;улица Лермонтова 130;61;4;9;5300000;86601
Самолет Плюс Омск-Центр;Центральный;Омская улица 119;65;1;9;5300000;81040
ID 70293530;Центральный;Полковая улица 41;68;1;4;5300000;77941
ID 70292175;Центральный;улица Багратиона 90;65;4;5;5300000;81538
ID 70292071;Советский;проспект Мира 106А;61;3;9;5300000;86885
ID 70293873;Кировский;улица 12 Декабря 104;59;5;5;5300000;89831
ID 70292099;Октябрьский;улица Романенко 10Б;57;3;5;5300000;92496
ID 101446676;Советский;улица 22 Апреля 8В;65;3;5;5300000;81538
ID 70291999;Кировский;улица Лукашевича 1А;58;5;5;5300000;90290
АВЕСТА-РИЭЛТ;Кировский;улица 70 лет Октября 13/2;69;9;12;5385000;77260
ID 85023064;Ленинский;улица Стальского 1;52;2;9;5390000;103654
ID 75006150;Центральный;улица 10 лет Октября 145;60;8;9;5350000;89167
ID 70295565;Кировский;улица Рокоссовского 10;62;9;9;5380000;86774
ID 107196718;Центральный;улица 10 лет Октября 145;58;5;9;5350000;92083
ID 70292169;Кировский;улица 70 лет Октября 14/1;64;5;9;5350000;83594
ID 75014133;Кировский;улица Рокоссовского 10;62;9;10;5380000;86080
Азбука Недвижимости;Советский;улица Сергея Тюленина 1а;63;4;5;5360000;85079
ID 102700151;Ленинский;улица Стальского 1;52;2;9;5390000;103654
ID 70291885;Октябрьский;Харьковская улица 27;70;5;12;5360000;76136
ID 70291895;Центральный;улица Декабристов 102;59;3;5;5350000;90678
ID 70292122;Центральный;улица 24-я Северная 198;63;8;9;5399000;85698
ID 105112667;Ленинский;улица Стальского 1;53;2;9;5390000;101698
ID 70291944;Кировский;улица Лукашевича 5;67;11;12;5370000;80149
МИАРД ВЛАДИС;Советский;улица 2-я Поселковая 49;51;6;9;5400000;104651
РИЭЛТКОНСАЛТ;Советский;проспект Мира 88А;61;5;5;5400000;88525
Самолет Плюс Омск-Центр;Центральный;улица 5-я Северная 195;61;9;10;5400000;88091
Елена Зотова;Ленинский;улица Шакурова 9;69;5;5;5400000;78261
НЕДВИЖИМОСТЬ.РУ;Ленинский;улица Константина Заслонова 4;65;2;6;5430000;82398
ID 70292039;Центральный;улица 21-я Амурская 41/3;74;6;10;5400000;72973
ID 70293368;Кировский;улица Лукашевича 27А;63;2;9;5400000;85714
ID 70293703;Кировский;улица Рокоссовского 10/1;62;1;9;5400000;87097
ID 70292330;Советский;улица Химиков 16;64;1;9;5400000;84375
АВЕСТА-РИЭЛТ;Ленинский;улица Вострецова 4;61;8;9;5489000;89543
Квартсервис;Ленинский;улица Стальского 9;60;1;9;5490000;91500
Квартсервис;Кировский;улица Конева 34;64;4;10;5490000;85781
Квартсервис;Центральный;улица 27-я Северная 119;67;2;5;5450000;80502
ID 85935565;Советский;улица Лаптева 6;50;8;9;5450000;108350
ID 70292209;Кировский;Взлетная улица 1;63;1;9;5490000;87143
ID 70293729;Кировский;улица Крупской 17/3;64;1;9;5450000;84235
ID 98129783;Октябрьский;улица 5-я Кордная 69;59;5;5;5490000;93051
ВАРИАНТ;Советский;Нефтезаводская улица 13А;72;1;4;5497000;76347
Маргарита Астапкович;Кировский;улица Конева 38;63;6;10;5500000;86888
ID 94851751;Советский;проспект Менделеева 33;49;3;9;5500000;111562
Аркада-Стиль;Центральный;улица Завертяева 7к5;63;10;10;5550000;88095
РИЭЛТКОНСАЛТ;Центральный;улица 5-й Армии 71;59;4;5;5550000;92809
Самолет Плюс Омск-Центр;Октябрьский;улица 3-я Транспортная 11;56;1;3;5500000;97173
Маргарита Астапкович;Кировский;улица Авиагородок 36;59;1;5;5500000;92593
Квартсервис;Советский;улица 2-я Поселковая 53В;62;1;5;5500000;88424
Самолет Плюс Омск-Центр;Кировский;улица Ватутина 28;65;10;10;5500000;84227
Самолет Плюс Омск-Центр;Кировский;улица Крупской 9/1;63;9;10;5500000;87302
МИАРД ВЛАДИС;Советский;улица Грозненская 20;69;1;2;5500000;78797
ID 70295187;Центральный;улица Авангардная 3;60;4;5;5550000;92500
ID 70291990;Советский;улица Блюхера 20;62;1;9;5500000;88424
ID 96727033;Октябрьский;улица 5-я Линия 153;58;3;5;5500000;94828
ID 70292117;Советский;проспект Менделеева 43;63;10;10;5530000;87362
ID 66270914;Ленинский;улица Константина Заслонова 4;75;2;5;5500000;73333
ID 70292121;Советский;улица 2-я Поселковая 12;65;3;5;5570000;85692
ID 70293356;Кировский;проспект Комарова 27/6;63;2;9;5500000;87302
ID 73047561;Октябрьский;улица Печникова 300;57;1;5;5500000;96491
ID 70292139;Кировский;улица Крупской 19/1;63;2;9;5505000;87242
Азбука Недвижимости;Октябрьский;улица 3-я Кордная 24;58;2;5;5550000;95690
ОМСК РИЭЛТ;Советский;Заозерная улица 36;62;1;9;5500000;87580
ID 70293613;Советский;улица 22 Апреля 10А;58;2;5;5500000;94502
ID 70293342;Кировский;улица Туполева 3А;62;4;5;5580000;90000
ID 73048093;Советский;улица 50 лет Профсоюзов 119;58;2;9;5500000;94828
ID 79396733;Кировский;улица Рокоссовского 16к2;63;5;10;5500000;87302
ID 70293304;Ленинский;улица Кучерявенко 5;63;4;5;5510000;87460
ПОКРОВ;Кировский;улица Ватутина 13Б;50;1;5;5560000;111200
ID 70293727;Ленинский;улица Ярослава Гашека 11/2;61;4;9;5590000;90894
Самолет Плюс Омск-Центр;Ленинский;улица 1-й Красной Звезды 71;76;1;9;5600000;72822
ID 70295495;Октябрьский;проспект Космический 12;58;5;5;5600000;96552
ID 70293713;Кировский;улица Рокоссовского 20;70;1;12;5600000;80000
ID 59156641;Кировский;Взлетная улица 5;63;4;9;5630000;89365
ID 70292091;Центральный;улица Алтайская 18к1;113;1;9;5600000;49558
ID 79874107;Советский;улица Магистральная 7А;71;2;2;5600000;78873
Ольга Бадлеева;Центральный;Новый Амур ЖК 5-й мкр;70;6;12;5600000;79886
ID 70293319;Центральный;проспект Карла Маркса 10б;55;4;5;5620000;101261
ID 56448249;Советский;улица Магистральная 7А;71;2;2;5600000;78873
БУТЕРИН;Центральный;улица Яковлева 12;61;1;5;5600000;91803
ID 104460015;Советский;проспект Менделеева 10/1;70;5;5;5600000;80000
ID 5025082;Советский;проспект Менделеева 41;63;3;9;5650000;89117
Доверие;Кировский;проспект Комарова 27;63;9;9;5650000;89683
Доверие;Центральный;Омская улица 123;63;5;9;5650000;89683
Квартсервис;Кировский;улица 12 Декабря 104;60;3;5;5690000;94833
ID 70293454;Кировский;Торговая улица 36;64;4;9;5650000;88281
ID 70292033;Советский;Заозерная улица 1;56;6;9;5650000;100893
ID 70292147;Кировский;улица Путилова 6;59;1;5;5650000;95763
ОМСК РИЭЛТ;Советский;проспект Мира 47;57;5;5;5650000;98604
ID 70291841;Кировский;улица 4-я Любинская 36;63;3;9;5699000;90174
ID 75014133;Кировский;бульвар Зеленый 9А;62;1;9;5650000;89825
ID 47771354;Октябрьский;улица 5-я Рабочая 83;60;1;9;5699000;94983
ID 31598943;Кировский;улица 70 лет Октября 18/1;65;5;9;5650000;86923
Мой дом;Советский;проспект Королева 8;62;1;9;5730000;92122
Квартсервис;Кировский;улица Лукашевича 19А;60;1;5;5700000;95000
РИЭЛТКОНСАЛТ;Кировский;улица Путилова 10;60;4;5;5700000;95000
РИЭЛТКОНСАЛТ;Кировский;улица Дмитриева 15/1;64;4;9;5700000;88785
МИАРД ВЛАДИС;Центральный;улица Багратиона 84;69;2;5;5740000;83188
ID 21912474;Кировский;Взлетная улица 5А;63;9;9;5700000;90190
ID 70292063;Кировский;улица Дмитриева 3/4;66;3;10;5700000;86364
ID 85842946;Октябрьский;улица 4-я Железнодорожная 10;62;1;5;5700000;91935
ID 333849;Советский;Городок Нефтяников мкр улица 22 Апреля;62;5;5;5700000;91640
ID 70291809;Центральный;Учебная улица 155;65;6;9;5700000;87692
ID 75014133;Кировский;улица Рокоссовского 16к2;63;9;9;5700000;90047
ID 74926464;Центральный;улица Ядринцева 24;63;10;10;5700000;90476
ID 70293423;Кировский;Мельничная улица 91;62;6;9;5700000;90764
ID 70293340;Центральный;улица Стороженко 25к5;70;5;10;5700000;81081
ID 93142217;Советский;проспект Менделеева 43;64;1;10;5700000;89063
ID 75014133;Кировский;улица Ватутина 28/1;66;1;10;5700000;86364
Квартсервис;Советский;улица Блюхера 8;63;1;5;5790000;91469
МИАРД ВЛАДИС;Кировский;улица Ватутина 4;61;5;9;5750000;94262
АВЕСТА-РИЭЛТ;Кировский;улица Лукашевича 21;68;9;12;5800000;84180
ID 70291891;Центральный;улица 10 лет Октября 105;63;1;9;5800000;91627
ID 70292050;Кировский;проспект Комарова 1;63;3;9;5800000;92063
ID 70291812;Центральный;улица Завертяева 7к5;63;2;10;5800000;92063
ID 74384226;Ленинский;улица Стальского 1;63;8;9;5800000;91918
ID 70293476;Кировский;Куломзинская улица 105;58;1;5;5800000;100000
ID 70292261;Кировский;улица Перелета 4;63;9;9;5849000;92841
СТРОЙ-ИНВЕСТ;Центральный;Омская улица 111;68;1;5;5800000;85294
ID 107349391;Центральный;улица Добровольского 5;58;3;5;5800000;99145
ID 101736327;Центральный;улица Челюскинцев 104к1;59;2;9;5800000;98305
АВЕСТА-РИЭЛТ;Ленинский;улица Стальского 9;60;5;9;5850000;97500
АВЕСТА-РИЭЛТ;Советский;улица Коммунальная 19/1;68;4;5;5850000;85777
ID 70295495;Октябрьский;проспект Космический 18Б;58;8;9;5850000;100862
ID 70291809;Кировский;улица Дианова 12/1;69;11;12;5850000;84783
ID 73048198;Октябрьский;улица 4-я Линия 178;74;8;9;5899000;79716
Азбука Недвижимости;Советский;улица 1-я Поселковая 11;57;2;9;5870000;102982
ID 73047578;Кировский;улица 3-я Любинская 24к2;63;7;10;5890000;93492
ID 77444670;Кировский;улица Перелета 4;63;9;9;5850000;92857
Этажи Омск;Центральный;улица Герцена 270;66;9;9;5999000;90894
Ирина Нескородева;Советский;улица Химиков 12;63;8;9;5950000;94146
Мой дом;Кировский;улица Дианова 26;62;5;10;5999000;96447
Самолет Плюс Омск-Центр;Кировский;Кировский мкр. 12-й;62;1;10;5900000;93800
Доверие;Ленинский;улица 14-й Военный Городок 144;64;2;5;5997000;93121
Квартсервис;Центральный;улица Богдана Хмельницкого 40;70;1;12;5980000;85429
Самолет Плюс Омск-Центр;Центральный;Краснознаменная улица 26к3;62;6;10;5900000;94249
МИАРД ВЛАДИС;Кировский;улица Крупской 5;63;9;9;5950000;94444
Риэлт-Сервис;Кировский;улица Лукашевича 25;66;10;12;5950000;90015
ID 70293342;Ленинский;проспект Карла Маркса 85А;62;3;5;5900000;95161
ID 70292241;Октябрьский;улица 4-я Транспортная 42А;64;5;10;5945000;92891
ID 89939937;Советский;проспект Мира 67;60;7;9;5950000;99167
ID 70295398;Кировский;улица Дианова 26;63;2;9;5950000;94444
ID 107056394;Советский;улица 4-я Новостроевская 3;63;1;9;5900000;93651
ID 101288618;Центральный;улица Челюскинцев 89;61;4;5;5950000;97222
ID 70291811;Центральный;улица Челюскинцев 102К1;66;2;9;5900000;88855
ID 70293476;Кировский;проезд Лесной 6;66;2;5;5990000;90758
ID 71840196;Ленинский;улица Калинина 11;59;3;9;5900000;100000
СТРОЙ-ИНВЕСТ;Ленинский;проспект Карла Маркса 66;61;3;14;5950000;96748
АВЕСТА-РИЭЛТ;Октябрьский;улица Кирова 7;62;4;9;6000000;95541
АВЕСТА-РИЭЛТ;Октябрьский;улица Кирова 7;62;5;9;6005000;96234
Самолет Плюс Омск-Центр;Советский;проспект Королева 8;62;8;9;6000000;96000
Самолет Плюс Омск-Центр;Кировский;улица 12 Декабря 1;76;7;10;5937500;78125
Самолет Плюс Омск-Центр;Кировский;улица Лукашевича 9;71;9;9;6000000;84507
Елена Зотова;Ленинский;улица 1-я Станционная 1к1;76;1;6;6000000;78947
ID 85023064;Центральный;Осоавиахимовская улица 187;56;3;5;6000000;106007
ID 98916452;Кировский;улица Дианова 8;63;2;9;6000000;95238
ID 70292014;Центральный;проспект Карла Маркса 29А;55;3;5;6000000;109091
ID 70293345;Центральный;улица Завертяева 9к16;70;6;10;6000000;85592
ID 70292045;Ленинский;улица Молодогвардейская 3/2;66;4;5;6000000;90909
Жизнь города;Октябрьский;Харьковская улица 15;69;5;5;6070000;87338
АВЕСТА-РИЭЛТ;Центральный;улица Красный Путь 22;63;7;9;6060000;95433
ID 70293383;Центральный;улица Звездова 132;63;9;9;6050000;96032
ID 82356177;Ленинский;улица Батумская 38/1;68;1;5;6050000;88840
ID 88582171;Кировский;улица Лисицкого 5;64;3;5;6050000;94090
Доверие;Ленинский;Батумская улица 41/1;96;2;10;6100000;63542
Метражи;Кировский;улица 3-я Любинская 22к2;65;1;11;6100000;93846
ID 106530955;Советский;Заозерная улица 36/2;70;4;5;6100000;87143
ID 70292140;Кировский;улица Лисицкого 5;64;3;5;6100000;94868
ID 103148928;Октябрьский;улица Сергея Лазо 155;58;3;5;6100000;104096
ID 70293461;Октябрьский;улица Кирова 7;62;7;9;6140000;98240
ID 70293583;Кировский;улица 4-я Любинская 34/1;80;9;9;6100000;76250
ID 70291958;Кировский;улица Дмитриева 15;64;2;9;6100000;95313
ID 105841287;Центральный;улица Завертяева 13к1;63;1;10;6100000;96825
РИЭЛТКОНСАЛТ;Ленинский;улица Труда 10;55;6;9;6159000;111982
РИЭЛТКОНСАЛТ;Кировский;проспект Комарова 27;63;9;9;6190000;98254
ID 70293546;Советский;Пригородная улица 25к2;62;6;14;6150000;98875
ID 15139865;Советский;улица Химиков 43;64;1;10;6199000;96859
ID 70295262;Центральный;улица Куйбышева 136;62;7;9;6195000;99279
ID 78195402;Ленинский;улица Федора Крылова 6;56;4;5;6150000;109821
АВЕСТА-РИЭЛТ;Ленинский;улица Ярослава Гашека 24;62;4;9;6210000;98885
ID 94851751;Октябрьский;улица Кирова 12;68;9;13;6220000;91202
МИАРД ВЛАДИС;Советский;проспект Королева 10;62;7;9;6290000;101452
Самолет Плюс Омск-Центр;Кировский;улица Дмитриева 1/4;62;5;9;6200000;98569
Самолет Плюс Омск-Центр;Советский;Заозерная улица 21;64;10;11;6200000;95532
МИАРД ВЛАДИС;Кировский;улица Крупской 1;64;4;9;6290000;98281
ID 70291889;Ленинский;Сибирский проспект 12;63;7;9;6200000;98413
ID 70291972;Советский;проспект Мира 163к3;87;5;5;6200000;71264
ID 70293288;Кировский;улица Рокоссовского 30;62;6;9;6200000;98726
ID 95471201;Советский;проспект Королева 10;62;8;9;6290000;101452
ID 70293642;Ленинский;улица Ярослава Гашека 13/1;65;4;9;6200000;94225
ID 70293642;Центральный;улица 28-я Северная 20;77;1;10;6200000;80519
ID 70292213;Центральный;проспект Карла Маркса 31;59;3;5;6200000;103853
ID 70293383;Центральный;улица Пушкина 140;63;9;9;6200000;98413
Азбука Недвижимости;Советский;улица 50 лет Профсоюзов 119;65;6;9;6280000;96615
ID 17685268;Кировский;улица Дианова 12/1;70;10;12;6200000;88571
ID 99315189;Ленинский;проспект Карла Маркса 45;75;4;5;6200000;82011
ID 70293516;Советский;переулок 1-й Башенный 8к1;78;7;10;6250000;80128
ID 5025082;Центральный;Омская улица 115;67;5;5;6300000;93058
АВЕСТА-РИЭЛТ;Кировский;улица 70 лет Октября 20;62;1;9;6300000;100639
РИЭЛТКОНСАЛТ;Центральный;улица 21-я Амурская 75;80;1;5;6300000;78750
ID 70293684;Центральный;улица Герцена 42;59;4;4;6300000;106780
ID 70291855;Центральный;Омская улица 117/1;74;8;9;6300000;85135
ID 70293292;Кировский;Мельничная улица 70;65;2;10;6300000;96923
ID 78195402;Советский;улица Блюхера 22/1;63;5;9;6300000;100000
Мой дом;Кировский;бульвар Зеленый 8;63;5;10;6390000;101429
ТимХаус;Центральный;улица Стороженко 25к9;72;8;10;6399000;88875
ID 73048168;Центральный;проезд 6-й Амурский 4;77;7;10;6341797;82361
ID 88545730;Советский;улица Бархатовой 5;65;8;10;6385000;97929
ID 96589007;Ленинский;проспект Карла Маркса 45;77;4;5;6350000;82361
Мой дом;Кировский;бульвар Зеленый 6;63;2;9;6490000;103016
МИАРД ВЛАДИС;Центральный;улица Арнольда Нейбута 66;61;4;9;6400000;104918
Квартсервис;Кировский;улица Лисицкого 5;63;3;5;6430000;101420
МИАРД ВЛАДИС;Кировский;проспект Комарова 3;63;2;9;6400000;101587
Елена Зотова;Октябрьский;Харьковская улица 27;72;4;12;6490000;90139
Елена Зотова;Кировский;улица 3-я Любинская 21;78;4;11;6399978;82051
НЕДВИЖИМОСТЬ.РУ;Кировский;улица Крупской 19/1;63;7;9;6400000;101426
ID 70291888;Ленинский;улица Серова 26;60;7;9;6400000;106667
ID 70291987;Центральный;улица Декабристов 139;69;3;5;6450000;92939
ID 73047561;Кировский;улица Дианова 18к1;81;7;12;6400000;79012
ID 70291780;Ленинский;улица Ярослава Гашека 1;63;5;9;6470000;102698
Азбука Недвижимости;Советский;улица Химиков 16/2;71;3;5;6470000;91127
ВАРИАНТ;Советский;Пригородная улица 27к2;75;11;16;6497000;86627
ID 81176690;Центральный;Кемеровская улица 20;59;3;9;6400000;107023
Квартсервис;Кировский;улица Степанца 6В;62;3;9;6500000;104000
Квартсервис;Советский;улица Андрианова 14/2;73;1;4;6500000;87957
МИАРД ВЛАДИС;Кировский;улица Степанца 6В;63;2;9;6500000;103175
Юлита;Центральный;улица 24-я Северная 218к1;76;2;10;6500000;85526
ID 103270542;Ленинский;улица Серова 22;57;3;9;6500000;114035
ID 70293378;Кировский;улица Дмитриева 1/3;64;8;9;6500000;101563
ID 73481332;Центральный;проспект Карла Маркса 22а;60;5;5;6500000;108333
ID 58495790;Кировский;проезд Лесной 10;66;8;9;6500000;98485
ID 73047701;Центральный;пос. Биофабрика 15к1;63;2;10;6500000;103175
ID 70293297;Кировский;улица Крупской 27к1;63;4;9;6500000;103175
ID 70291760;Кировский;улица Конева 12/1;67;9;12;6500000;95870
ID 106810628;Советский;улица Малиновского 12к1;64;9;10;6500000;101563
ID 88545730;Ленинский;улица Серова 22;57;3;9;6500000;114035
ID 88582171;Кировский;улица Степанца 6В;62;2;10;6500000;104000
ID 93985593;Кировский;улица Степанца 6В;62;2;10;6500000;104000
ID 70293555;Центральный;Волочаевская улица 17;55;5;9;6500000;116906
ID 95211437;Кировский;улица Степанца 6В;62;2;10;6500000;104000
АВЕСТА-РИЭЛТ;Кировский;бульвар Архитекторов 3/8;63;9;9;6551000;103984
ID 107187174;Советский;улица Лаптева 3;60;7;10;6560000;107718
ID 106891326;Кировский;улица Конева 30;69;6;13;6580000;94269
ID 70292062;Кировский;улица Лукашевича 25;68;4;12;6570000;96334
ID 70291780;Советский;улица Химиков 16;64;7;10;6560000;102500
ID 68352996;Кировский;Транссибирская улица 1;60;5;8;6570000;108775
ID 106303225;Октябрьский;улица 3-я Железнодорожная 11;68;4;9;6550000;96324
ID 70293442;Центральный;улица Алтайская 44;63;2;5;6550000;103639
ID 70293342;Кировский;улица Нефтебаза 3;73;2;5;6550000;89726
ID 49160988;Октябрьский;улица Масленникова 177;70;2;4;6600000;94286
Татаревич Ирина;Кировский;Волгоградская улица 1к1;71;1;9;6600000;92437
РИЭЛТКОНСАЛТ;Центральный;проспект Карла Маркса 10б;54;2;5;6600000;120658
ID 85023064;Ленинский;улица Серова 22;57;3;9;6603000;115842
ID 42094273;Кировский;Транссибирская улица 1;62;8;8;6600000;106452
ID 70292261;Центральный;улица 28-я Северная 24;82;1;10;6600000;80488
ID 70292330;Ленинский;улица Котельникова 12;63;7;10;6600000;104762
АВЕСТА-РИЭЛТ;Центральный;Омская улица 77к3;63;3;10;6710000;105008
Квартсервис;Кировский;Волгоградская улица 24;65;5;9;6700000;103077
Атриум;Советский;улица 2-я Поселковая 12к1;60;4;5;6690000;110945
Самолет Плюс Омск-Центр;Кировский;улица Дмитриева 15/2;58;9;9;6700000;114334
МИАРД ВЛАДИС;Центральный;улица 19-я Амурская 56/3;73;2;4;6695000;90841
Доверие;Кировский;улица 70 лет Октября 8;63;7;9;6650000;105556
Квартсервис;Советский;Заозерная улица 21;64;10;10;6650000;102465
Квартсервис;Октябрьский;улица 15-я Рабочая 90;69;1;12;6700000;96126
Самолет Плюс Омск-Центр;Центральный;улица Чернышевского 80;63;5;9;6700000;105346
Самолет Плюс Омск-Центр;Кировский;улица Дмитриева 1/1;69;3;10;6700000;96542
МИАРД ВЛАДИС;Центральный;улица Нахимова 9;75;3;10;6670000;88933
ID 70292327;Центральный;улица Куйбышева 27/5;63;4;9;6650000;105222
ID 73724306;Советский;улица Красный Путь 72;74;4;4;6740000;91081
ID 73048902;Кировский;улица 70 лет Октября 8;66;7;9;6700000;100299
ID 70292124;Центральный;улица Завертяева 18/5;70;1;10;6699980;95714
ID 76349246;Кировский;улица Дмитриева 9;64;4;9;6700000;104688
ID 70291885;Советский;улица Химиков 34;70;5;9;6660000;94068
ID 58629813;Центральный;улица 19-я Амурская 56/3;73;2;4;6700000;90909
«АКАДЕМИЯ ЖИЛЬЯ-55»;Октябрьский;проспект Космический 16Ак1;66;10;10;6700000;101515
АВЕСТА-РИЭЛТ;Центральный;улица 28-я Северная 20;80;10;10;6790000;84348
РИЭЛТКОНСАЛТ;Кировский;улица Лукашевича 11А;76;4;5;6770000;88613
ID 73048680;Центральный;улица Гусарова 60Б;82;2;2;6799000;82612
ID 70292030;Центральный;улица Масленникова 60;62;9;9;6750000;108871
ID 70291775;Центральный;улица Завертяева 18к1;74;10;10;6790000;91757
ID 70293515;Центральный;улица Лермонтова 134а;61;4;9;6790000;111311
ID 101746755;Кировский;улица Перелета 12к1;58;7;10;6750000;116179
Квартсервис;Октябрьский;улица 4-я Транспортная 15;72;10;17;6765408;93964
Квартсервис;Кировский;проспект Комарова 31;63;6;9;6850000;108730
ID 70295495;Октябрьский;улица Кирова 4/2;68;2;5;6850000;100735
ID 80189288;Кировский;улица Ватутина 13;63;5;9;6800000;107937
ID 106075124;Центральный;улица Багратиона 21А;84;3;5;6850000;81161
ID 70291780;Октябрьский;улица Кирова 20;67;4;12;6800000;101493
ID 70292325;Центральный;пос. Биофабрика 3к1;70;5;10;6800000;97004
ID 70291853;Ленинский;улица Архиепископа Сильвестра 17;68;1;9;6800000;99270
ID 62749903;Октябрьский;улица 4-я Транспортная 42;60;9;9;6800000;113333
«АКАДЕМИЯ ЖИЛЬЯ-55»;Центральный;улица 19-я Амурская 56/3;73;2;4;6800000;92266
АВЕСТА-РИЭЛТ;Центральный;проспект Карла Маркса 10;71;3;5;6930000;96518
РИЭЛТКОНСАЛТ;Ленинский;Батумская улица 38/2;91;1;10;6900000;75824
Доверие;Ленинский;улица Молодогвардейская 6к1;73;4;10;6900000;94521
Империя;Кировский;улица 3-я Енисейская 32/1;62;10;10;6900000;110048
ID 70293454;Центральный;улица Завертяева 18к1;72;8;10;6900000;95833
ID 73048486;Центральный;Волочаевская улица 15А;55;1;5;6900000;124549
Самолет Плюс Омск-Центр;Центральный;улица Завертяева 18к1;65;7;10;6970000;107231
ID 73047578;Советский;проспект Королева 24к2;70;1;11;6989990;99857
Азбука Недвижимости;Кировский;улица Лукашевича 14/1;75;11;16;6960000;92308
ВАРИАНТ;Советский;проспект Мира 57к1;65;4;9;6997000;107646
ID 70293476;Советский;улица Химиков 32/1;63;2;10;6950000;110143
ID 87378461;Центральный;Иркутская улица 70;65;8;9;6950000;106923
ID 70295206;Кировский;улица Рокоссовского 18/3;75;8;16;6970000;92933
Самолет Плюс Омск-Центр;Кировский;улица 3-я Енисейская 32;88;1;10;7042024;80023
ID 70292039;Центральный;Омская улица 111;70;2;5;7000000;100000
ID 70291891;Центральный;улица 20 лет РККА 13к2;73;5;5;7070000;96190
ID 70292111;Центральный;улица Пушкина 32/1;65;5;6;7000000;107692
ID 70291936;Кировский;улица Дианова 20к1;77;10;10;7009000;90790
ID 70291987;Октябрьский;улица Масленникова 21;61;7;9;7050000;115574
ID 17316812;Центральный;Иркутская улица 74;65;2;9;7000000;107692
ID 70291859;Кировский;улица Авиагородок 3;81;2;4;7000000;86420
РИЭЛТКОНСАЛТ;Советский;улица Энтузиастов 33Б;61;5;9;7100000;116393
Этажи Омск;Советский;Пригородная улица 25к1;61;1;14;7110000;116557
ID 73047561;Центральный;улица Масленникова 64;61;3;9;7100000;116393
РУБЛЕВКА 55;Кировский;улица 3-я Енисейская 28;63;15;16;7099974;112698
Ледон;Центральный;проспект Карла Маркса 29;75;4;5;7150000;95333
Самолет Плюс Омск-Центр;Центральный;проезд 1-й Амурский 3к2;78;10;10;7077408;90736
Самолет Плюс Омск-Центр;Центральный;Учебная улица 155;64;1;9;7150000;110169
ID 85023064;Кировский;улица Ватутина 28/1;64;1;10;7150000;110853
ID 70291981;Центральный;улица Рабиновича 125;82;2;5;7200000;87062
ID 80405953;Центральный;улица 27-я Северная 44/2;68;5;9;7200000;105572
ID 70293557;Кировский;улица Туполева 5Г;65;5;14;7200000;110769
ID 70293343;Центральный;улица Арнольда Нейбута 96/2;75;8;10;7200000;95618
ID 70292254;Центральный;Омская улица 149;83;1;9;7190000;86211
ID 88582171;Ленинский;проспект Карла Маркса 54;61;5;9;7150000;117213
ID 83930276;Центральный;Съездовская улица 41;65;4;9;7200000;109924
АВЕСТА-РИЭЛТ;Центральный;улица Декабристов 147;62;7;9;7275000;115844
ID 70291784;Центральный;улица 8-я Линия 78;62;8;9;7299000;117159
ID 87421331;Центральный;Волочаевская улица 17Б;60;4;5;7250000;120833
ID 70292306;Центральный;пос. Биофабрика 6;79;2;10;7290000;92278
Доверие;Кировский;улица 3-я Енисейская 32;73;3;11;7300000;100000
РИЭЛТКОНСАЛТ;Центральный;проспект Карла Маркса 10;71;2;5;7300000;102817
ДОМСК;Кировский;улица Дмитриева 20;73;3;9;7300000;99591
Самолет Плюс Омск-Центр;Кировский;улица Дмитриева 5/4;63;7;10;7300000;115873
РИЭЛТКОНСАЛТ;Центральный;проезд 6-й Амурский 4;82;6;10;7299968;89024
ID 70292251;Центральный;Барнаульская улица 45;75;6;9;7300000;97333
ID 85023064;Кировский;улица Дмитриева 2/1;64;2;9;7300000;114063
ID 70293659;Центральный;улица Декабристов 130;88;4;4;7300000;82955
ID 96394203;Центральный;Омская улица 162;67;8;9;7300000;108955
АВЕСТА-РИЭЛТ;Кировский;улица Крупской 8;70;1;10;7380000;104533
Самолет Плюс Омск-Центр;Центральный;улица Красный Путь 57;64;7;12;7400000;114907
Самолет Плюс Омск-Центр;Октябрьский;Харьковская улица 27;68;7;12;7400000;108346
ID 70293289;Кировский;улица Туполева 2;62;7;10;7399000;117818
ОМСК РИЭЛТ;Кировский;бульвар Архитекторов 7/1;64;6;9;7350000;114130
ID 85023064;Центральный;улица 21-я Амурская 25к3;73;8;10;7399353;101361
ПОКРОВ;Центральный;проезд 1-й Амурский 5к1;83;5;10;7436219;89593
АВЕСТА-РИЭЛТ;Советский;улица 20-го Партсъезда 53/2;70;2;5;7500000;106232
ID 94851751;Советский;Заозерная улица 13/1;74;6;9;7500000;100536
Лин-Сервис;Центральный;улица 7-я Северная 368;91;1;2;7500000;81878
ID 21726022;Центральный;Омская улица 77к3;66;2;11;7549000;114379
Самолет Плюс Омск-Центр;Центральный;Съездовская улица 50;70;9;9;7500000;105783
ID 70293497;Центральный;улица 10 лет Октября 105;63;9;9;7500000;119048
ID 70292117;Ленинский;улица Молодогвардейская 7/2;68;1;6;7540000;110234
ID 70291859;Центральный;улица Яковлева 11;60;3;9;7500000;125000
ID 70291780;Центральный;улица Пушкина 37;80;4;4;7520000;94000
ID 73048658;Центральный;Съездовская улица 50;64;2;9;7500000;116822
ID 76395369;Кировский;улица Крупской 7/1;69;10;10;7500000;108696
ID 95717224;Центральный;улица 10 лет Октября 105;63;9;9;7500000;119048
ID 103757653;Советский;улица 20-го Партсъезда 53/2;71;2;5;7500000;105634
ID 70293460;Центральный;улица Пушкина 103;64;4;5;7500000;117188
ID 96866952;Советский;улица Тимофея Белозерова 6;70;5;5;7500000;107143
ID 100541544;Октябрьский;улица Кирова 10;63;1;9;7500000;119048
ID 49160988;Кировский;улица Крупской 7/1;65;7;10;7600000;116923
Самолет Плюс Омск-Центр;Кировский;улица Путилова 11А;64;2;5;7600000;118750
Самолет Плюс Омск-Центр;Советский;улица Тимофея Белозерова 6;70;5;5;7600000;108571
РИЭЛТКОНСАЛТ;Кировский;улица Лукашевича 14/3;75;4;17;7607000;101427
ID 70291809;Центральный;улица 10 лет Октября 107;65;10;12;7600000;116923
ПОКРОВ;Октябрьский;улица Масленникова 66;67;8;10;7600000;113433
ID 47543250;Кировский;улица Лукашевича 14/3;75;4;17;7607000;101427
Самолет Плюс Омск-Центр;Центральный;улица 21-я Амурская 25к3;73;8;10;7597986;104082
Самолет Плюс Омск-Центр;Кировский;улица Лукашевича 14/3;75;4;17;7690000;102533
ID 85023064;Центральный;улица Арнольда Нейбута 11;70;10;12;7700000;110000
ID 70293497;Центральный;улица Ленина 51;82;2;3;7650000;93293
ID 97888165;Советский;проспект Мира 66;80;4;4;7700000;96250
ID 73048658;Октябрьский;улица Кирова 51;80;8;16;7671200;95890
Квартсервис;Центральный;Омская улица 117;81;1;10;7750000;95561
ПОКРОВ;Кировский;улица 3-я Енисейская 32;92;1;9;7820000;85000
ID 73047885;Центральный;Иркутская улица 74/1;71;1;10;7750000;109001
GALLEON;Кировский;улица Крупской 14к2;63;8;14;7690158;122066
БУТЕРИН;Центральный;улица Багратиона 94;93;3;8;7800000;83871
Квартсервис;Центральный;улица Ленина 51;82;3;3;7890000;95521
Самолет Плюс Омск-Центр;Центральный;улица Герцена 270;79;8;9;7900000;99122
ID 100238876;Центральный;улица Циолковского 6/1;56;4;5;7900000;139823
ID 74956151;Центральный;улица Орджоникидзе 268к1;75;12;13;7878975;105053
ID 70293557;Центральный;Омская улица 77к3;70;5;10;7900000;112376
ID 73047600;Советский;улица 5-я Крайняя 12;61;1;4;7900000;127625
Татаревич Ирина;Центральный;улица Алтайская 18к1;85;5;11;8000000;93677
Метражи;Кировский;улица Лукашевича 2/1;74;7;18;8000000;108108
Самолет Плюс Омск-Центр;Центральный;улица Герцена 13;73;4;4;8000000;109589
ID 16651076;Октябрьский;улица Масленникова 45;65;5;10;8000000;122699
ID 70291943;Центральный;Интернациональная улица 35;70;4;5;8000000;114286
ID 96463949;Центральный;улица Богдана Хмельницкого 38/2;65;11;14;8000000;121766
ID 70291910;Ленинский;улица Молодогвардейская 1/1;95;3;5;8000000;84211
ID 104552203;Советский;проспект Мира 106А;63;1;9;8000000;126382
ID 70292087;Центральный;улица 5-й Армии 10;91;10;10;8100000;89011
ID 70292030;Кировский;улица Лукашевича 25;68;3;12;8100000;119118
ID 57146529;Кировский;улица Степанца 3;72;9;10;8100000;112500
ID 92938060;Советский;улица Строителей 19;74;2;6;8100000;108579
ID 106381087;Октябрьский;улица 3-я Железнодорожная 13;67;2;9;8050000;120149
ID 89073921;Центральный;проспект Карла Маркса 36к1;68;4;10;8090000;117758
ID 25688922;Центральный;проспект Карла Маркса 10;72;4;5;8100000;111264
Квартсервис;Советский;Пригородная улица 5;65;6;9;8200000;125960
МИАРД ВЛАДИС;Октябрьский;улица 7-я Линия 190;90;4;5;8240000;91251
Ирина Нескородева;Ленинский;улица Молодогвардейская 7/2;68;1;6;8150000;119853
ID 70293422;Кировский;улица Дианова 27;80;7;16;8200000;102500
ID 70292121;Центральный;Интернациональная улица 35;75;5;5;8200000;109333
ID 46518028;Кировский;улица 3-я Енисейская 32/3;74;3;16;8200000;110811
АВЕСТА-РИЭЛТ;Центральный;улица Багратиона 92;72;5;5;8270000;114543
ID 83930276;Октябрьский;проспект Космический 14Д;71;7;12;8250000;115223
Вояж-Недвижимость;Кировский;проспект Комарова 11/3;75;3;11;8266950;110226
РИЭЛТКОНСАЛТ;Советский;проспект Мира 60;78;2;4;8300000;106410
Этажи Омск;Советский;улица Малунцева 23А;73;2;4;8390000;114461
РУБЛЕВКА 55;Центральный;улица Яковлева 169;90;10;18;8370000;93000
ID 90997478;Центральный;улица Красный Путь 28А;64;2;5;8300000;129688
МИАРД ВЛАДИС;Кировский;проезд Лесной 4Б;76;4;5;8450000;109883
Квартсервис;Октябрьский;Братская улица 19;89;6;6;8400000;94170
ID 70941328;Октябрьский;улица 3-я Молодежная 57А;77;8;9;8400000;109091
ID 75014133;Кировский;Волгоградская улица 44;76;6;12;8400000;110526
ID 75669144;Кировский;улица Дмитриева 1/7;66;3;9;8470000;128333
ID 70292313;Советский;улица Тимофея Белозерова 12;67;4;5;8480000;126567
ID 70293670;Советский;улица 2-я Поселковая 16;84;9;10;8425000;100298
АВЕСТА-РИЭЛТ;Ленинский;улица Архиепископа Сильвестра 1;67;2;9;8449571;126113
Квартсервис;Центральный;улица Багратиона 94;97;5;8;8500000;87090
РИЭЛТКОНСАЛТ;Октябрьский;улица 1-я Военная 7к2;89;11;12;8500000;95185
ID 70295186;Ленинский;улица Рождественского 9/2;93;6;9;8500000;91202
ID 71352838;Центральный;улица Вавилова 31;70;4;5;8500000;121255
ID 92218325;Советский;Пригородная улица 21;95;7;10;8500000;89286
ID 70292101;Советский;Физкультурная улица 5;71;9;10;8500000;119215
Андрей Заблоцкий;Центральный;улица 10 лет Октября 48;75;1;4;8500000;113333
АВЕСТА-РИЭЛТ;Центральный;проспект Карла Маркса 5;83;4;9;8579000;103361
ID 70292076;Ленинский;улица Стальского 12;80;10;10;8550000;106875
ID 70291819;Кировский;улица Дмитриева 2/4;66;8;9;8600000;129518
ВАРИАНТ;Кировский;улица 3-я Енисейская 32/3;74;16;16;8597000;116176
ID 70292281;Октябрьский;проспект Космический 14Бк5;64;3;10;8610000;134531
ID 74627128;Советский;улица Красный Путь 143к5;73;1;17;8599984;117808
ID 70293472;Кировский;проезд 1-й Тюкалинский 8;76;11;16;8600008;113158
БУТЕРИН;Центральный;Омская улица 149;80;1;9;8600000;107500
ID 70292030;Центральный;улица Маяковского 21;64;3;4;8700000;135938
ID 78192695;Центральный;Спортивный проезд 6;87;3;5;8700000;99089
СТРОЙ-ИНВЕСТ;Центральный;проспект Карла Маркса 12а;73;3;5;8700000;118690
АВЕСТА-РИЭЛТ;Октябрьский;улица 8-я Линия 198;83;1;5;8785000;105843
ID 75487638;Кировский;улица Ватутина 29/1;74;15;16;8750000;118243
Этажи Омск;Центральный;Спортивный проезд 6;87;3;5;8830000;100569
Квартсервис;Кировский;улица Б.Г. Шаронова 21;72;2;14;8775648;121884
Кагира Саютинская;Центральный;проезд 1-й Амурский 1;76;5;16;8800000;115789
ID 70291987;Центральный;улица 5-я Северная 124;70;6;13;8890000;127000
ID 88545730;Советский;Физкультурная улица 5;71;9;10;8800000;123422
ID 100895041;Советский;улица Малунцева 21;73;4;4;8800000;119080
Самолет Плюс Омск-Центр;Центральный;улица Яковлева 169;99;2;14;8906040;89960
Квартсервис;Кировский;улица Перелета 34;54;9;15;8950000;165741
РИЭЛТКОНСАЛТ;Кировский;Звездная улица 12;71;4;9;8998966;126746
Кагира Саютинская;Кировский;проспект Комарова 17к1;80;1;10;8999000;112488
ID 70293539;Центральный;улица Герцена 17;86;4;4;8960000;104186
ID 70292050;Центральный;Тарская улица 261к1;83;5;10;8900000;107229
ID 70293606;Кировский;бульвар М.М. Кузьмина 3;102;4;13;8959986;87843
ID 105213843;Центральный;улица Звездова 54;82;9;10;8969980;109390
ID 73048021;Центральный;улица 10 лет Октября 115;85;9;9;8900000;104706
Вояж-Недвижимость;Кировский;улица Перелета 19;89;8;16;8909879;100111
ID 21912474;Центральный;Спортивный проезд 6;90;2;5;9000000;100000
ID 70295186;Октябрьский;улица Масленникова 41;75;10;10;9000000;120000
ID 70293637;Кировский;бульвар М.М. Кузьмина 1;80;7;14;9000000;112360
ID 70293665;Кировский;улица Ватутина 29;85;2;10;8999970;105882
РУБЛЕВКА 55;Центральный;проспект Карла Маркса 5;88;9;9;9100000;102825
КЛЮЧНИКИ;Центральный;улица 5-я Северная 124;71;2;15;9074439;127809
ID 70293528;Центральный;улица 10 лет Октября 147;84;10;11;9100000;108333
ОМСК РИЭЛТ;Кировский;бульвар Архитекторов 12;86;6;8;9150000;105536
ID 70291990;Ленинский;проспект Карла Маркса 52;92;3;5;9200000;99245
ID 70292147;Центральный;Барнаульская улица 97к2;98;4;9;9200000;93878
ID 107103724;Центральный;улица 10 лет Октября 105;66;1;10;9200000;139394
ID 70293296;Центральный;улица Маршала Жукова 156;93;5;14;9160593;98501
ID 70292030;Центральный;улица Маяковского 21;71;4;4;9200000;129577
ID 90463477;Центральный;проспект Карла Маркса 16;76;2;5;9200000;121053
Самолет Плюс Омск-Центр;Советский;Заозерная улица 19;96;6;16;9250000;95459
ID 70293378;Центральный;улица Маршала Жукова 156;93;12;15;9300000;100000
ID 70293828;Центральный;улица Звездова 127;70;14;14;9299990;132857
ID 70293836;Октябрьский;Краснопресненская улица 3;86;3;9;9290000;106904
ID 70293546;Советский;Пригородная улица 25к2;80;8;14;9300000;116250
Самолет Плюс Омск-Центр;Центральный;улица Яковлева 169;100;13;14;9356000;93560
ID 70292212;Центральный;проспект Карла Маркса 5;84;2;9;9350000;111177
Самолет Плюс Омск-Центр;Кировский;проспект Комарова 17к2;83;1;9;9500000;113501
Кагира Саютинская;Кировский;проспект Комарова 17к1;78;1;10;9500000;121328
ID 16836124;Центральный;улица Масленникова 62;98;4;10;9450000;96429
ID 70291841;Октябрьский;улица 3-я Молодежная 57А;74;9;10;9490000;128070
ID 88545730;Центральный;улица Багратиона 23/2;135;5;5;9500000;70111
ID 49359095;Центральный;улица Герцена 232/1;86;5;9;9500000;109573
Самолет Плюс Омск-Центр;Центральный;улица 5-я Северная 124;87;2;15;9578787;110101
Самолет Плюс Омск-Центр;Центральный;улица Яковлева 169;95;13;16;9555480;100584
ID 70291764;Кировский;улица Дианова 25;90;4;16;9504990;105611
ID 99384062;Советский;улица 2-я Поселковая 26;86;2;10;9600000;111628
Самолет Плюс Омск-Центр;Центральный;улица Герцена 13;87;3;4;9650000;110920
Самолет Плюс Омск-Центр;Кировский;улица Туполева 4;102;5;6;9700000;94450
ID 70292118;Кировский;улица 70 лет Октября 15/1;85;9;9;9700000;113850
Самолет Плюс Омск-Центр;Кировский;проспект Комарова 15;88;2;10;9800000;110860
Квартсервис;Ленинский;Сибирский проспект 53;61;5;10;9754022;159902
ДОМСК;Кировский;проспект Комарова 22к1;92;5;12;9800000;106176
МИАРД ВЛАДИС;Кировский;улица Лукашевича 12А;72;5;16;9800000;135172
ID 70292171;Кировский;бульвар Архитекторов 17/2;84;9;10;9765084;116251
ID 70291853;Центральный;улица Маршала Жукова 105;78;9;9;9750000;125000
ID 105664472;Кировский;бульвар Архитекторов 12;86;8;8;9800000;113953
ID 70292045;Центральный;улица Маршала Жукова 107;69;6;11;9800000;141618
Квартсервис;Кировский;улица Ватутина 33;73;3;9;9900000;134511
Вояж-Недвижимость;Октябрьский;улица Шебалдина 199;84;4;6;9859000;116125
Самолет Плюс Омск-Центр;Центральный;улица Булгакова 3;110;1;6;9900000;90000
ID 70291799;Центральный;улица Булгакова 3;110;1;8;9882070;89837
ID 73047617;Центральный;улица Ивана Алексеева 8;73;2;4;9850000;134014
АВЕСТА-РИЭЛТ;Центральный;проспект Карла Маркса 5;85;6;9;9990000;116298
МИАРД ВЛАДИС;Кировский;улица Туполева 2;78;3;10;9990000;127586
ID 71299454;Кировский;бульвар Архитекторов 8;83;8;8;9950000;119019
ID 68337288;Центральный;улица 2-я Дачная 10;97;4;10;9990000;102147
ID 70291801;Октябрьский;улица Масленникова 41;115;2;9;10000000;86957
ID 70292071;Центральный;Тарская улица 22;78;7;7;9990000;128077
ID 70292096;Центральный;проспект Карла Маркса 1;74;5;5;9990000;134274
ID 70291811;Октябрьский;улица Масленникова 41;84;7;10;10000000;119048
ID 70291991;Советский;улица Красный Путь 105;74;9;14;10000000;134048
ID 61968333;Кировский;улица Ватутина 24;92;10;12;10000000;108578
ID 49160988;Кировский;бульвар Архитекторов 17/2;84;3;11;10064040;119810
ID 70293606;Центральный;улица Масленникова 9;80;5;5;10100000;126250
ID 103270542;Центральный;проспект Карла Маркса 17;89;5;5;10200000;114350
ID 106165702;Центральный;улица Масленникова 58;67;8;17;10150031;151493
ID 92218325;Центральный;проспект Карла Маркса 17;89;5;5;10200000;114350
ID 70291983;Центральный;улица Ленина 33;64;1;5;10200000;159375
ID 84456815;Кировский;улица Крупской 6;152;10;10;10200000;67105
АВЕСТА-РИЭЛТ;Центральный;улица 27-я Северная 44/1;98;1;9;10330000;104873
ID 70291761;Центральный;проспект Карла Маркса 10;116;3;5;10300000;88793
РИЭЛТКОНСАЛТ;Советский;Заозерная улица 27;108;4;16;10450000;96048
Самолет Плюс Омск-Центр;Кировский;улица Крупской 14к4;76;7;14;10549000;137715
ID 98609467;Октябрьский;улица Орловского 3;103;5;5;10500000;101547
ОМСК РИЭЛТ;Кировский;проспект Комарова 15;88;2;14;10500000;118110
Дом Славянский;Центральный;Учебная улица 20;73;1;17;10599965;145205
МИАРД ВЛАДИС;Советский;проспект Менделеева 14/1;98;2;9;10550000;107653
ID 70291799;Центральный;улица Шукшина 2;118;1;6;10615988;89966
Самолет Плюс Омск-Центр;Ленинский;улица Марченко 11;112;2;9;10750000;95897
РИЭЛТКОНСАЛТ;Центральный;улица Шукшина 8;92;5;8;10671816;115998
Самолет Плюс Омск-Центр;Центральный;улица Шукшина 2;122;1;6;10980000;90000
ID 70292068;Ленинский;улица Стальского 12/1;91;3;5;10900000;118866
ID 70291799;Центральный;улица Шукшина 2;122;1;6;10980000;90000
ID 105199358;Центральный;Октябрьская улица 107;78;12;14;10900000;139744
ID 93831716;Кировский;улица Степанца 2;87;4;14;11000000;126437
ID 70291799;Центральный;улица Булгакова 3;123;1;8;11070000;90000
ID 44823657;Центральный;улица 24-я Северная 204к1;93;9;10;11160000;120000
ID 70291983;Кировский;улица 3-я Енисейская 28;84;16;17;11199972;133333
ID 87079938;Кировский;проспект Комарова 15к3;86;9;10;11200000;130233
МИАРД ВЛАДИС;Центральный;улица Арнольда Нейбута 7;110;5;10;11500000;104167
ID 70291915;Центральный;улица Маяковского 48/1;84;5;10;11500000;136905
ID 84588303;Кировский;Транссибирская улица 6;92;6;10;11500000;125000
ID 96776478;Центральный;улица Маршала Жукова 107;76;7;14;11450000;149478
«АКАДЕМИЯ ЖИЛЬЯ-55»;Центральный;улица Арнольда Нейбута 7;110;5;10;11500000;104545
СТРОЙ-ИНВЕСТ;Центральный;улица Ленина 6;71;3;4;11500000;161972
Самолет Плюс Омск-Центр;Кировский;проспект Комарова 15к3;85;9;10;11600000;135198
ID 70295406;Центральный;улица Маршала Жукова 107;86;4;9;11800000;136891
ID 70292048;Советский;улица Красный Путь 143к3;92;3;17;11774436;127983
Самолет Плюс Омск-Центр;Кировский;проспект Комарова 9/1;86;6;10;12000000;138728
МИАРД ВЛАДИС;Центральный;улица Красина 4;83;5;9;12000000;143541
Квартсервис;Ленинский;проспект Карла Маркса 72;80;7;12;12060000;150000
ID 70293476;Кировский;улица Комкова 8;110;9;9;12000000;109091
Самолет Плюс Омск-Центр;Кировский;бульвар Архитекторов 10;107;3;16;12200000;113806
Квартсервис;Октябрьский;улица Масленникова 41;83;8;10;12200000;146283
Грин-хауз;Центральный;улица Яковлева 15;150;10;12;12222000;81480
МИАРД ВЛАДИС;Кировский;улица Крупской 10;109;7;14;12200000;111212
АВЕСТА-РИЭЛТ;Кировский;проспект Комарова 17к1;97;5;9;12270000;125589
Ледон;Центральный;проспект Карла Маркса 17;85;4;5;12300000;143692
ID 70291799;Центральный;улица Шукшина 8;102;4;8;12240000;120000
Самолет Плюс Омск-Центр;Центральный;улица Шукшина 8;102;3;8;12444000;122000
Самолет Плюс Омск-Центр;Центральный;Омская улица 109;97;9;10;12440000;127984
ID 79765445;Ленинский;проспект Карла Маркса 40;68;8;10;12296304;180828
Вояж-Недвижимость;Октябрьский;улица Орловского 3;98;3;5;12500000;127162
ID 82087880;Кировский;проспект Комарова 15к4;85;9;10;12500000;145518
ID 70291919;Центральный;улица Маршала Жукова 76;94;5;8;12630000;133510
ID 70293476;Центральный;улица Маршала Жукова 107;76;7;9;12500000;164474
ID 104294835;Центральный;проспект Карла Маркса 17;85;4;5;12500000;146028
ID 96730639;Центральный;улица Фрунзе 49;110;6;10;12600000;114545
Самолет Плюс Омск-Центр;Кировский;улица Конева 8;82;3;17;12699996;154878
ID 70291780;Центральный;улица Маршала Жукова 76;94;5;7;12650000;133721
ID 70291799;Центральный;улица Тютчева 2;106;1;6;12720000;120000
Риэлт-Сервис;Центральный;улица 10 лет Октября 70;104;3;8;12800000;123077
Аркада-Стиль;Центральный;улица Арнольда Нейбута 8;84;4;13;12900000;153571
МИАРД ВЛАДИС;Октябрьский;улица Сергея Лазо 21;126;6;6;12900000;102381
ID 13616343;Кировский;улица Перелета 7к3;113;4;9;12900000;114159
ID 87434855;Ленинский;улица Орловского 8;100;9;10;12980000;129800
ID 70293760;Советский;улица Волховстроя 23;92;2;14;12950000;140000
ID 70292107;Центральный;улица 10 лет Октября 43;158;6;7;12999924;82278
ID 105974864;Кировский;улица Конева 6;90;14;14;13000000;144444
ID 70291799;Центральный;улица Шукшина 8;109;8;8;13080000;120000
Квартсервис;Кировский;улица 70 лет Октября 13/3;101;10;16;13250000;130542
Самолет Плюс Омск-Центр;Центральный;улица Шукшина 8;109;8;8;13298000;122000
ID 70292202;Кировский;улица Туполева 8/2;80;3;9;13300000;166250
Семёрочка;Кировский;улица Туполева 8/2;80;3;10;13300000;166250
МИАРД ВЛАДИС;Центральный;улица Декабристов 114;98;8;15;12366000;125035
Квартсервис. Новостройки;Центральный;улица Яковлева 169;100;11;14;10058500;100585
ID 58016288;Советский;улица Красный Путь 135к1;75;12;17;14000025;186667
Недвижимость Гарант;Центральный;улица Богдана Хмельницкого 44;70;2;12;5800000;82857
ЛИОРА;Кировский;улица 70 лет Октября 6/1;69;5;5;5500000;79710
